Pulgar extendido,Indice extendido,Corazón extendido,Anular extendido,Meñique extendido,Pulgar contraído,Indice contraído,Corazón contraído,Anular contraído,Meñique contraído,Hu_1,Hu_2,Hu_3,Hu_4,Hu_5,Hu_6,Hu_7,Perímetro,Area,Redondez,Compacidad,Clase
0,0,0,0,0,0,0,0,0,0,0.26842362395234476,0.040602432392024934,0.0009470634801946618,0.0002737327316712789,1.3541410524151515e-07,5.135311716982752e-05,-3.2983967812427614e-08,2.171391292788889,2.1143104653246803,0.11210696210742403,28.023171750737756,1
1,1,1,1,1,0,0,0,0,0,0.26637764966207,0.029099053943888377,0.0019667999792914548,6.513545202425753e-05,-2.0080235210380118e-08,-7.612059473882357e-06,1.1844844826221885e-08,3.5101274934726168,2.0300248823907014,0.0411903600120006,76.27009457248022,6
0,1,1,1,0,1,0,0,0,1,0.39064646988143914,0.11952218883693996,0.00014516805890412161,2.764722690782546e-05,1.625903550694356e-09,-6.302486385940377e-07,-6.513285392283297e-10,3.6378428849452153,2.7508278599356966,0.05196555214449078,60.45529247634203,4
1,0,0,0,1,0,1,1,1,0,0.26903873761012337,0.025619737519720673,0.008053353816710953,0.000665601113779431,1.371542272469712e-06,8.98546232835956e-05,7.025861385829213e-07,2.8735174303443833,2.4361309733099774,0.07375865190535144,42.59286975067206,2
0,1,1,0,0,1,0,0,1,1,0.2422936804024626,0.021478287095336317,0.001387344814805352,0.0009959262577995363,1.1636311853480288e-06,0.00013306238592664343,-1.2814523271495696e-07,2.536313020016922,1.845755227888802,0.07173125241253982,43.79670712455859,3
0,1,1,1,1,1,0,0,0,0,0.38547767087244955,0.10764125798509534,0.0016731303999818188,0.0001843207112896261,3.8992113378375966e-08,3.176628704606179e-05,9.464133990879621e-08,3.975805755234011,2.781065144519932,0.04398462104545144,71.42479755238617,5
0,1,1,1,0,1,0,0,0,1,0.34903927942540247,0.08296042283548606,0.004266637310546576,0.0007857986262566885,8.633222181483097e-07,9.371379011168741e-05,-1.1510469825980546e-06,3.9119341024868146,2.622241599244745,0.04283804578517634,73.33650721006767,4
0,0,0,0,0,0,0,0,0,0,0.2098244921704508,0.015743740798983073,0.0007883199813073897,0.00014857339282603653,4.918019210744095e-08,1.7669596706072685e-05,1.29110914204727e-08,1.6936927281702268,1.6620507380887521,0.14484884628176878,21.688765456085,1
0,1,1,1,1,1,0,0,0,0,0.3753849234437068,0.10648106946899581,0.000728657458162782,0.00013108001242288935,2.23577686723269e-08,2.3198429424891653e-05,3.3781974945438935e-08,3.734875526119376,2.6057123683847863,0.046699713710368615,67.27220370287353,5
0,1,1,0,0,1,0,0,1,1,0.40406790312229346,0.12924858125989352,0.0006343742879710028,0.0006549919955754332,4.2186826253524097e-07,0.0002287315150843238,-1.6941799250531308e-08,3.7877566993600156,3.738880615879545,0.06515045556014452,48.22057845304841,3
0,1,1,1,0,1,0,0,0,1,0.3178578371866803,0.06141919914878378,0.0013058742984685238,9.710761465225393e-05,-2.0304831299713607e-08,-2.3492652805796187e-05,2.799144898719626e-08,4.231063201947031,2.886790930560714,0.04031403935886175,77.92800482294551,4
1,0,0,0,1,0,1,1,1,0,0.32933140922150583,0.05977639558243092,0.012824866277018017,0.002721005746832055,1.5755863486071956e-05,0.0006324518087730032,3.181548772960859e-06,2.717239135709757,2.085572875872523,0.07061706390109494,44.48772690393719,2
1,1,1,1,1,0,0,0,0,0,0.229648428867863,0.014363777986277134,0.0004318503483840346,4.8207413099532034e-05,-4.867870095593401e-10,5.765310662771735e-06,6.938589836017206e-09,3.5567457851464597,2.0419136211188107,0.04035261871277554,77.85350130436944,6
0,1,1,0,0,1,0,0,1,1,0.33857363005063373,0.08024985379475233,0.0011938627977657506,0.0002988893313360979,1.7848903984319108e-07,8.433842628430254e-05,-4.389282197983249e-09,3.2151174179614608,2.2888896372098237,0.055356826527484505,56.75167546011694,3
0,0,1,1,1,1,1,0,0,0,0.3807321010019619,0.10654161144229117,0.0034926223318462167,0.0005401685879182272,4.7788248774021014e-08,-1.7320142674920323e-05,7.404011219564469e-07,3.5128715564639803,2.686319656599154,0.0544218319936436,57.726697880305224,7
0,1,1,1,0,1,0,0,0,1,0.38780084009270244,0.11574533138407414,7.982321400962218e-06,2.135238654921303e-05,-7.260440533518201e-11,6.873703949144278e-06,2.691413977777535e-10,3.6517957175072193,3.2096163177157235,0.0601700230698883,52.211923700624,4
0,0,0,0,0,0,0,0,0,0,0.29179964240136735,0.048985831348730656,0.00021925089974183048,4.186985760709954e-06,1.0490700954286752e-10,3.4183046625606524e-07,7.132914101357866e-11,2.6891542220469296,2.3611099219178784,0.08162530099141133,38.48797634351576,1
0,0,0,0,0,0,0,0,0,0,0.34779512753806974,0.08597342391926988,0.0005980158362131362,8.115326129944569e-05,-1.1574230049940247e-08,-1.8347528527204948e-05,-1.3625518268073584e-08,2.4816340543475746,2.6492863551899415,0.10754579420847434,29.211673749880994,1
0,1,1,1,1,1,0,0,0,0,0.3328411567157404,0.06881376923669266,0.0050828018649478855,0.0018084184909075564,5.465216301069493e-06,0.00047414238013642455,4.383761439491621e-07,3.809757580570557,2.1525712593814026,0.03707685276111192,84.73191276053653,5
0,1,1,0,0,1,0,0,1,1,0.28110561904208203,0.04499896460125605,0.0005417212503744668,4.757986069571114e-05,-7.63785531217243e-09,-8.774985990493175e-06,1.1735512942349039e-10,2.8552493548532953,2.1634102529564463,0.06634234342428803,47.354261116432795,3
0,1,1,1,0,1,0,0,0,1,0.27157931868378,0.038880006139106756,0.0003929978687215813,0.0005561948256087172,2.534720896911951e-07,0.00010955240974630919,5.80625125458705e-08,3.2794979670428233,1.8479418335671554,0.04295498519977215,73.13685801494485,4
0,1,1,1,0,1,0,0,0,1,0.3954166386402809,0.11910492770493764,0.001134217098597917,0.00011316582203867288,-4.0238937487376084e-08,-3.5835055829611894e-05,-4.960004821065062e-09,4.272215391307084,3.5568748000568426,0.04871944212129112,64.48334621255587,4
0,1,1,1,1,1,0,0,0,0,0.365865975753048,0.09559445620570635,0.002417702981385936,0.000761085061281996,9.790333899924443e-07,0.00021829199118604664,3.2765751852683523e-07,3.766325329589489,2.476349567094513,0.04364317095305814,71.98360213030435,5
1,0,0,0,1,0,1,1,1,0,0.2680536371634533,0.026868166970461568,0.008507103033665404,0.00120221896076006,3.7270833758880008e-06,0.0001852969307092603,9.438340777048142e-07,2.662109171975411,2.229332860591426,0.07864356690011687,39.94722998233089,2
0,1,1,0,0,1,0,0,1,1,0.3188657511351386,0.0661821297313439,0.0016061656575516409,0.0002112398884386488,1.742418588203104e-08,-2.939655072815802e-05,1.2180364336938344e-07,3.2256196602995413,2.6938247794702757,0.06472663614123544,48.53631890794918,3
1,1,1,1,1,0,0,0,0,0,0.3137888729761616,0.04988979038926579,0.007014550521278402,0.0009322965637409175,2.268132211939826e-06,0.00017300837256350877,7.346300767646766e-07,3.658076669523267,2.2172216213425546,0.041423186717875496,75.84140435612817,6
0,1,1,1,1,1,0,0,0,0,0.3862604127062986,0.10711085645674821,0.0002686077257670583,5.59466192727086e-06,-2.0442050982877348e-10,1.8289152620533886e-06,-7.24520648137512e-11,4.207239176058612,3.301124242084363,0.04662377937033474,67.38176733027119,5
1,0,0,0,1,0,1,1,1,0,0.2987764081328997,0.0420305962177929,0.009680769861253574,0.0014407119132439743,5.375664085922793e-06,0.0002904554444295718,2.2749435613056405e-07,2.839851976378049,2.2822091965464817,0.07074635232249823,44.4064259209973,2
1,0,0,0,1,0,1,1,1,0,0.3090576458241309,0.04820455489065485,0.010728169577663047,0.002170323564184707,1.0092042268123606e-05,0.00044116045431620755,2.7970559808519346e-06,2.8804650456294674,2.392373211778307,0.07208480377975453,43.58189921954298,2
0,1,1,0,0,1,0,0,1,1,0.33548856704976626,0.0767243565133415,0.0020124752648252187,0.00021992062496771324,-7.193231095120765e-08,-5.106682980530617e-05,1.2740248560561363e-07,3.2980050805845704,2.750295444909381,0.06321450150344546,49.69734125671406,3
1,1,1,1,1,0,0,0,0,0,0.37321507553379246,0.0910322498355845,0.0028499220496416835,0.00045944167981666926,5.147905342840977e-07,0.00013860100821467484,-1.0668584641025112e-07,4.223324652953848,2.640590547924633,0.03701111236536706,84.8824164639137,6
0,0,0,0,0,0,0,0,0,0,0.5567749692002559,0.2658851585247911,0.054815045367244936,0.040993704776252665,0.0019432331749753527,0.021133628873191188,3.5543771994144848e-06,3.128562834149492,2.3860565132112987,0.060944002162374535,51.54884060977115,1
0,0,1,1,1,1,1,0,0,0,0.33261673970494127,0.0739687119108732,0.0015332357772668336,0.0002257724473430005,-2.7045600391491833e-09,4.429610187087064e-06,1.3280696362197722e-07,2.9577252936715803,2.2373050979783677,0.06393660183820679,49.136059209710176,7
0,1,1,0,0,1,0,0,1,1,0.4224101349209649,0.14493951808814615,0.0008501960360643208,0.0007223694770322616,5.654714384340292e-07,0.0002589249894840874,-2.6820246516181425e-08,3.749474791764207,3.587966011833912,0.06380393336840347,49.238228550115544,3
0,1,1,0,0,1,0,0,1,1,0.39222080934447745,0.11903802386110363,0.0009645739626128986,0.00034370334933831945,1.8540092215253585e-07,5.591457786276424e-05,6.921328430512558e-08,3.896063440026593,3.5538904563625175,0.05853181698315191,53.67324671458747,3
0,1,1,1,0,1,0,0,0,1,0.3702821610879187,0.10220978520353838,0.0014648804928126364,0.00029852216149772054,1.5253005805140463e-07,6.151589839336087e-05,1.2531846636595284e-07,3.4871915155905078,2.521654738066624,0.05184107911723297,60.600448661290834,4
1,1,1,1,1,0,0,0,0,0,0.33475804026463557,0.06547485312636704,0.00362956005308627,0.00033423914797005603,3.5241291336948217e-07,7.497840345378842e-05,1.0645267601401834e-07,3.8449543735594016,2.467134051840397,0.04172058362069549,75.30078395239435,6
1,1,1,1,1,0,0,0,0,0,0.3036948520686936,0.04422664688055278,0.0077045284405718815,0.00126404122414473,3.7468345415342674e-06,0.00022831127396331962,1.2336750269704712e-06,3.436319041419936,2.002062060576655,0.04238679575259807,74.11724802050485,6
0,0,0,0,0,0,0,0,0,0,0.2590164471346153,0.030743273109339744,0.004833348269713218,0.0016189144244821835,4.420510624626556e-06,0.0002674670018786345,-9.833201894407604e-07,1.9236318155679935,1.6496250003749109,0.11145032408036896,28.18827741877476,1
0,0,0,0,0,0,0,0,0,0,0.30430413355535746,0.060696574283610374,0.0046130746246591785,0.002065763907522323,6.365020098766333e-06,0.0005066421344260504,3.9066640350282853e-07,2.1848053170970516,2.241322277903726,0.11738668232514568,26.762768922014462,1
1,1,1,1,1,0,0,0,0,0,0.2678249693034189,0.027850674211625397,0.0006977117070786101,5.232793756164372e-06,1.5199224530198654e-10,5.735894237815936e-07,2.772544107125393e-10,3.8182045444584,1.9941064678411302,0.03419557969067947,91.87130857284698,6
0,1,1,1,0,1,0,0,0,1,0.3743462949434064,0.10706331905054339,0.00010933054769847792,2.119430823369793e-06,1.2838897200449514e-11,-5.82909380421444e-07,2.959796207236478e-11,3.822984940841667,3.135247709200087,0.053629863710562796,58.57916534236937,4
0,0,1,1,1,1,1,0,0,0,0.34773072231809443,0.08429695711643165,0.0027052371095732104,0.0004547875819672542,2.4347180458261475e-07,3.7243465657553616e-05,4.418011780802521e-07,3.285329241633886,2.2548061017710377,0.05222655885649328,60.15316196156397,7
1,0,0,0,1,0,1,1,1,0,0.25371513889885877,0.018166744164876722,0.008452434288176368,0.0005401912424102869,1.1241853857232812e-06,7.280835198722799e-05,-2.6187003411005003e-07,2.4402265265345338,1.8570157634832059,0.07796421515861904,40.29531557777102,2
0,0,1,1,1,1,1,0,0,0,0.30955915476881046,0.062369490186911444,0.0008845501523310408,0.0001567832039076898,5.352461382215963e-08,3.5494179947577824e-05,-2.332528959685001e-08,3.203684922862276,2.269862653988512,0.05528916020367205,56.82113170134827,7
0,1,1,1,1,1,0,0,0,0,0.32795282217964467,0.06689905149144453,0.0014078757796490305,0.00020410440832393376,9.498049544837703e-08,4.355628096824138e-05,-5.430892286054362e-08,4.235019084075164,3.1563963676629765,0.04399677061027076,71.40507382731424,5
0,1,1,1,0,1,0,0,0,1,0.4967096509360486,0.20097709315862866,0.008515690461311011,0.00539285684850313,3.649070285788254e-05,0.0023230695062394593,-2.007240494285648e-06,5.592786113797263,3.635503727019072,0.029056826569011072,108.11891815262038,4
1,1,1,1,1,0,0,0,0,0,0.32334115976667416,0.06113926837242681,0.0020746253790767007,0.0003323330955924604,2.4405486559522274e-07,7.896857534914148e-05,-1.2878496386302583e-07,3.693346080694399,2.3702449100336596,0.04344034063254842,72.31970578140222,6
0,1,1,1,0,1,0,0,0,1,0.41083569962060396,0.13410066333064422,0.0008037230080119062,7.432892180778448e-05,-1.7493106674086697e-08,-2.419496741442646e-05,4.903197213664448e-09,3.7459208618850885,2.9246935522693303,0.052107853119908155,60.2901955365635,4
1,0,0,0,1,0,1,1,1,0,0.3353297557142353,0.06605355691445727,0.010039442563772793,0.002024708364412714,8.891862701278174e-06,0.000489402316858318,2.06493166757241e-06,2.7290323741811333,2.206529918478513,0.07406831310223529,42.414799554750275,2
0,0,1,1,1,1,1,0,0,0,0.3419201175733781,0.08249816897205745,0.001833242527051296,0.0003269476809187447,1.275853044153308e-07,3.222471362146107e-05,2.1861378635005478e-07,3.190794023165492,2.419998601335597,0.05942341188868519,52.8679278711693,7
1,1,1,1,1,0,0,0,0,0,0.2609407083046957,0.02388881820869089,0.0009404298415405879,4.2038270119510996e-06,2.496289401117509e-10,1.172716943845574e-07,8.689414799749213e-11,3.5677483933586958,1.8466391067128207,0.036268834410997625,86.6196199742549,6
0,0,1,1,1,1,1,0,0,0,0.3314450716470162,0.07156401662580546,0.005326110107102321,0.0013356155361162008,2.9023880642845627e-06,0.0002272243224975618,2.0654142947347428e-06,3.2399100044928923,2.1909247912267626,0.05217970079507927,60.207180296558086,7
1,0,0,0,1,0,1,1,1,0,0.24191581613913285,0.007100906338966482,0.006855451469174036,2.1049211677377864e-05,-7.78066595765702e-09,-3.5338322558005886e-07,-1.843083909966017e-09,3.742554036926166,2.9211102494533665,0.052137691496436836,60.25569148577463,2
0,1,1,0,0,1,0,0,1,1,0.39133897631527437,0.11552867475069259,0.0014667369882218708,0.00020985126250433911,-7.464867337236164e-09,-4.390128721971211e-05,1.1618470223646937e-07,3.747502773325101,3.089393877476276,0.05499577979519742,57.1242496294986,3
0,0,1,1,1,1,1,0,0,0,0.3513935930880693,0.08649134390226168,0.0020877059438171074,0.0002792733206579699,4.282157189602143e-09,-5.494824454095907e-06,2.1320199116028344e-07,3.4300611081068277,2.5162410831047715,0.053467335632534384,58.757232175941134,7
0,1,1,0,0,1,0,0,1,1,0.399244420019975,0.124852435184093,5.4228514136522144e-05,5.291589417256816e-05,3.3256433356516415e-10,1.6631477474541378e-05,2.815032048166656e-09,3.2507895528748563,2.6606629280158947,0.06294368377592043,49.91116606352221,3
0,1,1,0,0,1,0,0,1,1,0.41442649948116883,0.1369868591519673,0.0009665709840966235,0.0001959469323173715,5.497174355409571e-08,3.2841469655442994e-05,6.519224292857388e-08,3.531611489732754,2.812396239531393,0.056372938707458485,55.7287366176307,3
0,0,0,0,0,0,0,0,0,0,0.3120982126546952,0.0666745237404049,0.002117016237352329,0.0009026849083792449,1.2420603878220104e-06,0.0002301090618014865,1.201839535168503e-07,2.202056251281278,2.2061164577513868,0.11373958140983685,27.620926810603596,1
1,0,0,0,1,0,1,1,1,0,0.3167823527278335,0.05355940382080952,0.006036127666385892,0.00035986372274359726,4.332028579995602e-07,6.648476450363848e-05,3.0600188803817046e-07,2.8205820964646175,2.3291390043035602,0.07319104148758816,42.92318553934703,2
0,1,1,1,0,1,0,0,0,1,0.25596432770319644,0.03241885835636173,0.0003519370123391286,0.0002632790944582197,7.69973324628048e-08,3.678912295947643e-05,-2.2227416336818775e-08,3.014697923518383,2.134643319919711,0.05871887464786616,53.50226264433285,4
0,1,1,1,1,1,0,0,0,0,0.2552936894779533,0.027001757171802573,0.0008521425587316345,4.4446115216881786e-05,6.1018008187079915e-09,2.6195509949338638e-06,-6.130850951988911e-09,3.423280623644879,2.183996956513945,0.046591536583815873,67.42839760045739,5
1,1,1,1,1,0,0,0,0,0,0.3146348589649916,0.047292666646216036,0.009475349032004692,0.001614646963561288,6.296248782812651e-06,0.00033742847575171555,4.939003194431389e-07,4.064584465397031,2.3910342872316277,0.03618207809090746,86.8273139452229,6
0,0,0,0,0,0,0,0,0,0,0.33894733486396544,0.0809496664660232,0.0005505260824805733,0.00021619355728733213,7.458526459550648e-08,6.133701437003047e-05,3.050679152802645e-11,2.8965799111555786,3.361021202375166,0.10014752760174586,31.36964764704811,1
0,1,1,1,0,1,0,0,0,1,0.35359516469115865,0.08961910836346722,0.0006929752716218906,3.402502494057556e-05,5.1289103963157495e-09,9.959093010002219e-06,-9.9557189233507e-10,3.566293896064997,2.4617539964936848,0.04838941812372257,64.92313351562395,4
0,1,1,1,0,1,0,0,0,1,0.3297162198643467,0.07680466892432322,0.0006764908022900328,7.384834503840646e-05,-1.0527935282716393e-08,-1.3535397166543495e-05,-1.2712629089469807e-08,3.325016297734137,2.809578873525931,0.0635321687152451,49.44884956895766,4
1,1,1,1,1,0,0,0,0,0,0.3477444178188935,0.07059841257110755,0.004774743514330318,0.0005606203454862928,8.584570058629398e-07,0.0001250349684857959,3.230520931838465e-07,3.693590501567098,2.1545791764396043,0.03948253030686394,79.56918234907643,6
0,1,1,0,0,1,0,0,1,1,0.34294687864981316,0.08341528229890177,0.0002091994193973841,1.944363806859062e-05,7.77125964067303e-10,-2.29102411118948e-06,9.663597517734824e-10,2.8339317005735065,2.033965439176275,0.06331473875960746,49.61866249685953,3
0,1,1,0,0,1,0,0,1,1,0.3040742114656799,0.05728936310244782,0.0006818730523011612,0.00045730235788725193,2.514526630070101e-07,8.141989638125217e-05,-4.45141054555856e-08,2.694140664878471,1.9585994468597308,0.0674598081843665,46.569842668450434,3
0,1,1,1,0,1,0,0,0,1,0.3744846356557016,0.10316304798118425,0.0018455429703874847,0.0004749229411270901,3.8172662101567105e-07,0.00011219144174748276,2.2798868582197121e-07,3.792211515847439,2.65768411634677,0.046201732797185875,67.99729065099363,4
0,1,1,1,1,1,0,0,0,0,0.39287044074940985,0.1124362708828019,0.00228991577118508,0.0003162821173621929,1.6423280560513574e-07,6.84357384959981e-05,2.1325671115019784e-07,3.95827976452655,2.865453947974966,0.045721499944097216,68.71149584836361,5
1,0,0,0,1,0,1,1,1,0,0.2850102791452125,0.025300685884337506,0.01614283748810339,0.0019529616506093722,1.0042383131458493e-05,0.00027540098668789694,4.4038481068143086e-06,2.9309717107686075,2.1168220433449143,0.061602892512714884,50.99748608300115,2
0,0,0,0,0,0,0,0,0,0,0.34567377798371635,0.08655401391694706,0.0005101258154764066,0.0001593701487847948,3.9020545550846774e-08,3.052901813572402e-05,-2.3287191295133546e-08,2.488533820874847,2.4628358859831883,0.09942334873806616,31.598137595087596,1
0,0,0,0,0,0,0,0,0,0,0.35399792920642265,0.09058784812890888,0.0010452468405675929,0.0001321759714372036,-2.7696806909609357e-08,-2.7306830240591282e-05,4.057768564150808e-08,2.725495372891359,3.186196943573059,0.10723133854914554,29.29733691750905,1
0,0,1,1,1,1,1,0,0,0,0.36401440319816747,0.08341918446729504,0.010056809173680204,0.004056062651724996,2.308772329097965e-05,0.0008098522506754197,1.1748908217066422e-05,4.082411609878304,2.1915085278298245,0.03287377609495479,95.56531152720058,7
1,0,0,0,1,0,1,1,1,0,0.2887799495923241,0.030207365613875232,0.012601128812247288,0.001952706609284642,7.982232025928213e-06,0.0002993342658220938,5.487201030494305e-06,2.8638630329332195,2.4442006497865356,0.07450276257306833,42.16746527363581,2
0,0,0,0,0,0,0,0,0,0,0.3122495464393187,0.06702311709859961,0.0021447233056031564,0.0010398284749402362,1.5379705054873887e-06,0.0002560304694902051,2.1441847089424073e-07,2.2674392870279343,2.31171115368445,0.11240929981723277,27.947800214908685,1
0,0,0,0,0,0,0,0,0,0,0.2739824195957502,0.03977452472360911,0.0042881813476985,0.001692439703483223,4.5544713146938454e-06,0.00033575972763246674,2.116446437829087e-07,2.5462917120127124,2.0765760202720247,0.08007031376867543,39.23542328890968,1
0,0,1,1,1,1,1,0,0,0,0.25631055560030913,0.03322288007403203,0.00010626950665463969,0.00017941187135423422,2.4654528309922414e-08,3.2570877907688726e-05,2.4213241593335435e-09,2.871312751508084,1.7878249257292493,0.05421306948351537,57.948990594326354,7
0,0,0,0,0,0,0,0,0,0,0.2508524853111827,0.033036525669760196,0.0006536499852322905,0.0002469774257102814,9.885310201085435e-08,4.488972495665357e-05,-8.681081295628299e-09,2.1109358686815467,1.9072517254947519,0.10700349087474521,29.359721144679654,1
1,1,1,1,1,0,0,0,0,0,0.25698360981406504,0.026968001338235383,0.0004162583830180908,8.048183928634308e-05,1.2412503632741669e-08,8.36987939387828e-06,7.932731151935154e-09,3.7438565652808067,2.0420598721966874,0.0364225272202621,86.25410956772114,6
1,1,1,1,1,0,0,0,0,0,0.31122472961104525,0.05090385813184027,0.0035065411994101197,0.00034377007500346164,3.529619223637303e-07,6.623988957653831e-05,1.33696188716436e-07,3.8009671894147155,2.426561448420241,0.04198972794117511,74.81812356562446,6
1,1,1,1,1,0,0,0,0,0,0.360830960508437,0.08393555001438596,0.0020849610153526772,0.0002274361515241196,1.5584875582436022e-07,6.545955691911609e-05,-1.5491052076986288e-08,3.9229374011066973,2.55301494864652,0.041473492616050045,75.74941138123515,6
1,0,0,0,1,0,1,1,1,0,0.25729653943066844,0.020399309429665235,0.006956248032780785,0.0004457431850002678,7.542791315827181e-07,6.36549463060401e-05,-2.1709850926356118e-07,2.649214551662116,1.978784428885279,0.07048622130990227,44.5703088519578,2
0,1,1,0,0,1,0,0,1,1,0.3912237383503311,0.11622212477283844,0.0018990816969561642,0.00039630386504444274,1.7469069838388349e-07,2.2282319660635243e-06,2.961185230647214e-07,4.079240279312871,3.5732056706150415,0.053683330140726244,58.52082285794077,3
1,0,0,0,1,0,1,1,1,0,0.2964812306531264,0.04217400910432378,0.008886157458156326,0.001034043773018261,3.083014460204762e-06,0.0002007322912122426,5.656690613011292e-07,2.497075006462845,1.8229672323206965,0.07308961857045247,42.98274796114242,2
0,0,1,1,1,1,1,0,0,0,0.30070055695885406,0.05470674193339121,0.0010664678772617344,0.00014778954154897505,2.0338811015870436e-08,8.076826722929788e-06,5.503518773926368e-08,3.630156878149777,2.466188687096608,0.04678595758038152,67.14819608409894,7
0,0,1,1,1,1,1,0,0,0,0.36826840653222437,0.10028634915184728,0.000254061955469448,2.0482103866102918e-05,-1.44010085901786e-09,-4.702353265448027e-06,3.303902796955742e-10,3.709442898619903,2.7873504695629454,0.0506423915645997,62.03483991435043,7
0,0,1,1,1,1,1,0,0,0,0.3455269196752478,0.08341892996169593,0.0001683894454643658,3.459258727797696e-06,-6.682485703621207e-11,-6.565003340620489e-08,5.004937188011052e-11,3.2679234170722657,2.553146553987307,0.05976845264557943,52.5627235528265,7
0,1,1,1,1,1,0,0,0,0,0.23884403401987916,0.022253912517879913,0.00010986788462113548,6.170008919447034e-05,-5.045471853602647e-09,8.4656503217878e-06,-5.913173319446907e-10,3.2769912467651965,2.0696203734861762,0.04818148008733367,65.20332393059216,5
1,0,0,0,1,0,1,1,1,0,0.3040162334989701,0.011170353293934492,0.00564841696966045,0.00042665136663577497,3.53933272919044e-07,-2.2703316446253644e-05,5.598299376793038e-07,3.8588506636871744,2.969215318745673,0.049850068278806545,63.020829500557014,2
1,1,1,1,1,0,0,0,0,0,0.2974358742766828,0.04350532697464141,0.0025758501497985115,0.00015340735569738202,9.62103134026272e-08,3.085931622338063e-05,-6.562461996024601e-09,3.5057881931466652,2.1153006306187865,0.04302696957074744,73.01449962503644,6
0,1,1,1,1,1,0,0,0,0,0.2619588049893024,0.032506582196191215,0.0006962819868859112,4.198373646096742e-05,7.029506950296432e-09,1.4389370404892786e-06,-1.45336451907458e-09,3.372848867197114,2.160380938695867,0.04747626906881075,66.17185206858733,5
1,1,1,1,1,0,0,0,0,0,0.358174442360163,0.08023267461541794,0.0024727892571685265,0.0003003901011615001,2.5869860810686193e-07,8.334078774057202e-05,-1.0056399914442859e-08,3.822154858581961,2.4121052251285486,0.041278100128346894,76.10797599263461,6
0,1,1,1,0,1,0,0,0,1,0.4004318057422516,0.12375450568204258,0.00042170127265891885,0.0003296706885410822,1.2291791365909586e-07,0.00010020329208929004,7.356772095299152e-10,4.206304609587033,3.828764093162559,0.054099989042987136,58.07011626367475,4
0,1,1,0,0,1,0,0,1,1,0.34237428000337483,0.0808733027574268,0.0012086471441507597,0.0001411772092398139,4.8690641191301693e-08,3.343095687875535e-05,-3.209543770184967e-08,2.881212020614729,2.038623848658508,0.061394105067551615,51.17091698190104,3
0,1,1,1,0,1,0,0,0,1,0.3504198936654811,0.08887598430205701,0.0012825780621810966,0.0001809477572818667,-3.902650511942359e-09,-2.7679979997871597e-05,8.70835314649143e-08,3.7778030734378953,3.1824380962371412,0.05574697961076445,56.354490871522806,4
0,1,1,1,1,1,0,0,0,0,0.32729121559378815,0.0716359546428648,0.0012734456539758628,0.0001626478870128628,6.859655934415942e-08,3.8341370299608554e-05,-2.7817616407114757e-08,3.4147728212166593,2.489457865985089,0.053372943744489094,58.861146363398234,5
1,0,0,0,1,0,1,1,1,0,0.3292926074380752,0.06323938699425699,0.0077184399936054,0.0012316798746560644,3.6362311345800953e-06,0.0002857487557315695,1.0953276488890136e-06,2.7521876223485022,2.30958238394685,0.07622850323380366,41.21283404914932,2
0,1,1,1,0,1,0,0,0,1,0.3747884893742572,0.10618427678769274,0.00021953095376003363,4.988249955673143e-05,5.152243362104666e-09,2.088979761923123e-06,8.383015310721318e-10,3.7620257185040815,3.1456175119710093,0.055565138624762395,56.538915070568265,4
0,1,1,1,0,1,0,0,0,1,0.35316964427639874,0.08408652867220573,0.0005649007537308045,0.00016539093519715817,4.620976202434966e-08,4.33798432907969e-06,2.050225681194246e-08,4.3642145598600885,3.6613245969777783,0.04805803995946341,65.37080280926361,4
0,1,1,0,0,1,0,0,1,1,0.36590038597684305,0.09930864566042864,0.0005727404520609381,0.00011139950417858866,1.488776819242575e-08,1.1342435237476987e-05,2.387760493554221e-08,3.1536089435334267,2.1930266274752506,0.05512749218661405,56.987766520469954,3
0,1,1,1,0,1,0,0,0,1,0.35201018016699104,0.0877972955587298,0.0008302721112449715,0.00011329123560330348,3.40117887430493e-08,3.296757585595292e-05,-7.1050738958174325e-09,3.269753460273125,2.219058951204562,0.051889421914050805,60.54399023356822,4
1,0,0,0,1,0,1,1,1,0,0.21978866392669508,0.007698486696496445,0.003147494777581755,9.364414098471271e-06,-1.6072931760302786e-09,-6.32548990926283e-07,3.590321510647748e-11,2.546508055015425,2.267113518369517,0.08740236146845026,35.94402486166027,2
0,0,1,1,1,1,1,0,0,0,0.3515783127465417,0.08587857500032572,0.0025620995742652386,0.00035980056158288573,7.832249533014126e-08,1.5725974606209697e-05,3.3645853393628964e-07,3.3955702049040535,2.515824878551835,0.054550029262324204,57.591035166677365,7
0,0,0,0,0,0,0,0,0,0,0.22740132014688322,0.02334211553278233,0.0006502540124675906,0.0001823895713696337,6.256254210138244e-08,2.740823227410176e-05,-5.5906822381979614e-09,1.7025511256075505,1.6227856480977836,0.1399590037862534,22.44652054245585,1
0,0,1,1,1,1,1,0,0,0,0.2826069366815102,0.045817792992702215,0.0005335899809033274,4.490627744545911e-05,2.7777861237269163e-09,3.6639851096147656e-06,6.372135934285714e-09,3.0961523555924897,2.019550813818393,0.05266840263248985,59.64852732503077,7
0,1,1,1,1,1,0,0,0,0,0.36073555787693035,0.09146585151005564,0.002365072274616529,0.00046729329663486736,4.0001972069976054e-07,0.00011352921314454505,2.8515820090675367e-07,3.619169304894142,2.437108294222882,0.046515429631976954,67.53872163378043,5
0,1,1,1,1,1,0,0,0,0,0.378057899335114,0.10475702545828743,0.0010544507153007797,0.00013716101921476962,4.4536875249592333e-08,3.444030831748183e-05,-2.7155168581182026e-08,3.9672481353897795,2.969733176451534,0.04717139393401219,66.59952974857072,5
0,0,0,0,0,0,0,0,0,0,0.327087641513061,0.07624027425026196,0.0002998501007471903,6.179159277496605e-05,6.861388899600424e-09,1.1996550366095485e-05,-4.8647498879568e-09,2.474341111515318,2.863890512301764,0.1169438203190915,26.864118557249807,1
0,1,1,1,1,1,0,0,0,0,0.3883769641685213,0.10472996722084768,0.004701113172855464,0.0013899068609762154,3.2409254678616327e-06,0.0004039735256572476,1.4557689339081302e-06,4.477280964455536,2.7120763475060823,0.0338230854249949,92.8830889942462,5
0,0,1,1,1,1,1,0,0,0,0.3466954625329015,0.08314188064066853,0.003727489638747257,0.000577445623188409,2.623708484141459e-07,2.1809097727919935e-05,8.055263764114184e-07,3.301569314734962,2.410817398531718,0.05529215117211606,56.81805802437479,7
1,0,0,0,1,0,1,1,1,0,0.28074799062299793,0.050852841138788706,0.0006617192824576639,0.00014262341636660187,3.7454840941209494e-08,2.2616026413887684e-05,-2.2735260040048507e-08,2.438440107676522,3.1272460762639858,0.1314855050539768,23.893072109356247,2
0,0,0,0,0,0,0,0,0,0,0.1778957505860757,0.005196128000086948,2.3463071798029655e-05,9.712021769586376e-07,1.844242711156638e-12,1.3518682043868715e-08,4.253539573169299e-12,1.5222817197570373,1.4812382783394766,0.15979929937939388,19.659614690368922,1
0,1,1,1,0,1,0,0,0,1,0.36688894816071066,0.1011548452256398,0.0008714412042189559,0.00017808866790512798,6.158135380670988e-08,4.685084723408995e-05,3.361245836214461e-08,3.5785202479148244,2.644774438011298,0.051632325943777084,60.84546059402209,4
0,1,1,1,1,1,0,0,0,0,0.3630242770607712,0.09057337926841211,0.004368013702885781,0.0012464553811952536,2.9080401444431997e-06,0.0003735006877257512,-4.6995678146543294e-08,4.1379402128344145,2.5732580102033085,0.037571187260087846,83.61707155650974,5
0,1,1,1,1,1,0,0,0,0,0.3627404256778702,0.09381634587847781,0.0010992298854741213,0.00015885300284765959,5.5489444520850417e-08,3.726084473751298e-05,-3.6431156586173296e-08,3.7105596903092475,2.722414423111978,0.04943282166101554,63.55276814124012,5
1,1,1,1,1,0,0,0,0,0,0.4863595742334591,0.17422486357439873,0.03860214526724853,0.021283230304643692,0.000609582631345047,0.008871499455162173,-2.375291033886596e-05,4.503361936414678,2.3268559267211506,0.028683741296276682,109.52520527709507,6
0,1,1,0,0,1,0,0,1,1,0.3812415781481877,0.10999438403722062,0.0005277966517079501,0.00016931693774430991,4.641337941323534e-08,1.9230344309520406e-05,2.0192366766225942e-08,3.7309802158188092,3.543395420910645,0.06363759172570463,49.366931846367066,3
0,1,1,1,1,1,0,0,0,0,0.24477648991103573,0.021967011608244765,0.0006461273959744579,0.0001612516721064999,2.982704659366201e-08,1.774923704519706e-05,-4.265540375609053e-08,3.2202081567404264,1.9647076245177262,0.04736636395907084,66.32539192378026,5
0,0,1,1,1,1,1,0,0,0,0.36629474217921487,0.10074416489155576,0.00018099494526073437,4.099393321114291e-05,1.5009589623850023e-09,1.8423787331184908e-06,3.1962381212628294e-09,3.1695227187121087,2.5526929576283472,0.06352590353102106,49.45372641658983,7
0,1,1,1,1,1,0,0,0,0,0.37954011679177563,0.10305507599628469,0.0017016571496715678,0.00011450366350038023,9.865649969511227e-09,9.177143247543005e-06,-4.9571280962790506e-08,4.458834151610991,3.4995977379599776,0.04400636515140573,71.38950564948988,5
1,1,1,1,1,0,0,0,0,0,0.33233199581245854,0.03426681431023683,0.015140799900978231,0.0024287323535081896,1.3141209144516067e-05,0.00041539612151059895,-6.650017126438055e-06,6.150650890215127,4.000100759102285,0.026434359083315345,118.8450472238868,6
0,1,1,0,0,1,0,0,1,1,0.3806788300513922,0.11123231545425656,0.00029993981263024016,0.00010691759058746052,1.868699857475062e-08,1.8244951664067446e-05,4.1697627497288385e-09,3.5532830367587804,3.16501455240975,0.06266948339494564,50.12954445134561,3
0,0,0,0,0,0,0,0,0,0,0.33835519576742745,0.08417284853816127,0.0014800798297368123,0.0006277677132448421,5.799471523234169e-07,0.00015041374739175695,1.727157099297807e-07,2.5449165641612317,2.3908252385110442,0.09228704570769258,34.04153453498107,1
1,1,1,1,1,0,0,0,0,0,0.3665874927574951,0.08416422262738157,0.006922918981860579,0.0011504241668812455,2.978423188846439e-06,0.00028850788519509915,1.2921085360039348e-06,4.069706232205678,2.634866063009521,0.03977154204428194,78.99096922346938,6
0,0,0,0,0,0,0,0,0,0,0.2756482798666268,0.045558965814597945,0.0013287575666299399,0.0006606995080740059,6.162861001325917e-07,0.00013977013583257232,5.8479535263541476e-08,2.0513277299440644,1.9723698589265515,0.11718128714597102,26.80967866205768,1
0,1,1,0,0,1,0,0,1,1,0.3006008105589005,0.05523849311954753,0.0009542576639537281,0.0002461400693923464,1.1715322091152127e-07,2.1780506751610195e-05,2.2480559199688973e-08,3.04426927223988,2.463024190760432,0.06644197872548276,47.28324944339573,3
0,0,1,1,1,1,1,0,0,0,0.35151745438598647,0.08841911556667682,0.0006836790083780197,0.00016793394646959372,5.3032726725709554e-08,4.565641384369866e-05,2.0626728420828857e-08,3.224337540641846,2.284904877496589,0.054944867942748166,57.17718089455219,7
0,0,0,0,0,0,0,0,0,0,0.23581351967238262,0.021401741920496004,0.002965767227602596,0.0008207592887230301,1.237402358314429e-06,0.00011223119201416583,-3.29562187296791e-07,1.779502119567801,1.5366969230864373,0.12131966742494035,25.895163746088198,1
0,0,1,1,1,1,1,0,0,0,0.3400654633691653,0.08001311196510921,0.003999571059050457,0.0013123931009044122,2.789346585810981e-06,0.00029232648471484506,1.1226360582517782e-06,3.397998051162903,2.2940893479765596,0.049671135260226,63.247852845139484,7
0,1,1,0,0,1,0,0,1,1,0.3507566504805219,0.08487498472315355,0.0016315673417189812,0.0003602019086120185,1.7662611621844049e-07,-8.476012126062468e-06,2.122587435763978e-07,3.6156493438529282,3.077852977072995,0.0588593239925514,53.37459624897083,3
0,0,0,0,0,0,0,0,0,0,0.26964375972270116,0.03744103822096457,0.004348887343302035,0.0015368221185965987,3.913132412794045e-06,0.0002863710970551042,-6.874255368143627e-07,1.9165392513500918,1.6036750141946359,0.10914929504917392,28.782528115957536,1
1,0,0,0,1,0,1,1,1,0,0.29475502103300355,0.028014424674328863,0.0009730931818525121,0.00018855845224059954,1.303630505759187e-08,-9.52801191227789e-06,7.971029828632256e-08,4.002777337195483,2.7675677795449025,0.043183258501705575,72.7502454097046,2
0,1,1,1,0,1,0,0,0,1,0.39064646988143914,0.11952218883693996,0.00014516805890412161,2.764722690782546e-05,1.625903550694356e-09,-6.302486385940377e-07,-6.513285392283297e-10,3.6378428849452153,2.7508278599356966,0.05196555214449078,60.45529247634203,4
0,1,1,1,1,1,0,0,0,0,0.345333846982294,0.08340638892785826,0.0011260413511465367,0.00013563455699329668,4.004451656130465e-08,2.6086416828289516e-05,-3.47299861285802e-08,3.6398079736662283,2.6811824199320724,0.05059521289561516,62.09268572644073,5
1,0,0,0,1,0,1,1,1,0,0.25977569185014393,0.024886551845866453,0.004701606834026378,0.0003410979088995236,4.273980426674217e-07,5.3584771997662405e-05,-6.260043476414202e-08,2.583149649651336,2.0076754053014145,0.07522018092083013,41.7652897816923,2
0,1,1,1,1,1,0,0,0,0,0.3753849234437068,0.10648106946899581,0.000728657458162782,0.00013108001242288935,2.23577686723269e-08,2.3198429424891653e-05,3.3781974945438935e-08,3.734875526119376,2.6057123683847863,0.046699713710368615,67.27220370287353,5
0,1,1,1,1,1,0,0,0,0,0.3846353798007635,0.10916044040758308,0.001087418897925291,7.127867338438795e-05,1.0124295606119524e-08,1.2368359279146743e-05,-1.7067472817811788e-08,4.4557304699488425,3.51169072352599,0.0442199701050892,71.04465801590925,5
1,1,1,1,1,0,0,0,0,0,0.33835290081498925,0.06708441314314484,0.0025517369561463207,0.00030395332254836116,2.3731800400576601e-07,7.656081234767205e-05,-1.2384195364124414e-07,3.9289130642546977,2.4456496820132294,0.039608593282961804,79.31593609362525,6
0,1,1,0,0,1,0,0,1,1,0.39493035300658463,0.12143503326678123,0.0003451545548233495,9.061076852313567e-06,-1.3761180407113648e-10,3.44078407818357e-07,-4.876865554091088e-10,3.3053866467102044,2.5473766010554413,0.058289271482297914,53.896584632111505,3
1,0,0,0,1,0,1,1,1,0,0.27434907762657146,0.024168784965252862,0.010335350243125298,0.001240964779750114,4.361247041776824e-06,0.00019256193777260054,-8.550921823642895e-07,2.7650077374622946,1.7757790342562023,0.05806791480184925,54.10204007342355,2
0,1,1,0,0,1,0,0,1,1,0.3655238365275696,0.10011200231759568,0.0004996545673257696,0.00011387400952946931,2.4916323797232343e-08,3.157063937536378e-05,1.081597821786782e-08,3.10794614303873,2.442540035169589,0.06321712350589154,49.69528000268806,3
1,0,0,0,1,0,1,1,1,0,0.29475502103300355,0.028014424674328863,0.0009730931818525121,0.00018855845224059954,1.303630505759187e-08,-9.52801191227789e-06,7.971029828632256e-08,4.002777337195483,2.7675677795449025,0.043183258501705575,72.7502454097046,2
0,1,1,1,0,1,0,0,0,1,0.31779906193325275,0.06458863843020721,0.0012635959050833875,0.00017307559302041591,5.729882202097569e-10,-2.7550358356900383e-05,8.09369742370185e-08,3.6161204390698782,2.751828664570753,0.05261088718351747,59.71373648635271,4
1,1,1,1,1,0,0,0,0,0,0.3516984780176856,0.07720269574572812,0.003768490933863094,0.00040296537063090403,4.5910759117054223e-07,9.468185172895841e-05,1.8922867120787123e-07,3.9624952531702267,2.538819757834028,0.04042354232670814,77.71690635617846,6
0,1,1,1,0,1,0,0,0,1,0.39151996851147897,0.11885938976981045,0.000611799124742247,8.993982206268158e-05,4.114159097030563e-09,-1.4452237205478524e-05,2.069253987458419e-08,4.208328829845438,3.5777344768967643,0.050504349311775575,62.20439816373004,4
1,1,1,1,1,0,0,0,0,0,0.3547591698407642,0.02557816909989827,0.01395753859455175,0.0034044762461328997,1.2826296102853519e-05,0.0004541808567780918,-1.9653060690452843e-05,6.6458032637341224,3.1026689718901563,0.01756226353914781,178.88312896494864,6
1,1,1,1,1,0,0,0,0,0,0.3742166288472775,0.09203369783441293,0.0022525665542920533,0.0003177697467928503,2.592120674996299e-07,9.63488200569732e-05,-7.133461035275326e-08,4.144803652896487,2.618675435210431,0.03810778961377784,82.4396451599479,6
0,1,1,0,0,1,0,0,1,1,0.3104012918454767,0.06137180910852921,0.0015336689990905214,0.00017447869129350998,-2.9914709512136214e-08,-3.401618679816643e-05,8.515503863910824e-08,3.181875053913656,2.5898878583503544,0.0639520874541775,49.12416120647797,3
1,1,1,1,1,0,0,0,0,0,0.2865729197324576,0.03333921632353004,0.00424579153810347,0.00034331071079554703,3.700662833865377e-07,4.883506189650563e-05,1.8668150231314366e-07,4.083820229940961,2.6246054617833603,0.03934330182580599,79.85076258976223,6
0,1,1,1,1,1,0,0,0,0,0.26784494208710086,0.03913243779290892,6.499787466482156e-05,6.129811251365731e-05,4.962800883428431e-10,1.1471960853525931e-05,-3.837231990465466e-09,3.6201676903866167,2.121631152492373,0.04047179962816476,77.6242391604332,5
0,1,1,0,0,1,0,0,1,1,0.38476124621386065,0.11426661762285567,0.0005170843095143291,0.0004404050292357511,2.1003433355791432e-07,0.0001298265607075208,-7.39188570832809e-09,3.677625576769713,3.5716635893596256,0.06602000195713678,47.58546744105611,3
1,0,0,0,1,0,1,1,1,0,0.384229224402053,0.10696324550598726,0.002511837237099549,0.0002673241928583138,1.1745260902158541e-07,4.299082674256108e-05,1.849053046595028e-07,3.1436036539253904,3.025362621359421,0.07653531530589436,41.04762149386276,2
0,1,1,0,0,1,0,0,1,1,0.4016519164495398,0.12519129523600298,0.00036433141233932183,0.00020424876865025616,5.551928758486732e-08,5.096841280700988e-05,4.689273784852534e-09,3.769541222808176,3.341027897139552,0.05878183191689045,53.44495996707928,3
0,0,0,0,0,0,0,0,0,0,0.25844221956574076,0.03503864784764274,0.0021613812799489056,0.000653115971273861,7.681588493355557e-07,0.00011883298970651348,-1.0990297866717146e-07,2.0615681539730337,2.10475560862336,0.12380731080308338,25.374855759418956,1
0,0,1,1,1,1,1,0,0,0,0.3804618001097918,0.10869858895659212,0.0014653438068909315,0.00017179278687580793,-8.118494102298295e-08,-5.654738171511026e-05,-2.8955397525062282e-08,3.3923286522168117,2.6841925180196866,0.05831198548522782,53.87559054022699,7
0,1,1,1,0,1,0,0,0,1,0.35936842107063244,0.09573321429138273,0.0005593156187573953,5.636854884447742e-05,-6.3750365625779166e-09,-1.579745869395841e-05,7.71594394025907e-09,3.9572350821768403,3.3895899302690418,0.05411323133451204,58.05590566509314,4
0,0,1,1,1,1,1,0,0,0,0.3502019675955931,0.08923529024495416,0.00045058465545318947,8.769729349796199e-05,7.3974515052764875e-09,6.231206233168423e-06,1.5785458452377354e-08,2.9285861583636823,2.230352832636633,0.06501260526245085,48.32282356486757,7
1,0,0,0,1,0,1,1,1,0,0.20156130920583068,0.0035067449206965815,0.002982448361021348,1.0128660514523142e-06,-5.491680459673026e-11,-6.554850921652384e-09,-9.12126029420357e-12,2.0164252323511747,1.5130615499393902,0.09303199992111867,33.76894677372874,2
0,0,1,1,1,1,1,0,0,0,0.34773072231809443,0.08429695711643165,0.0027052371095732104,0.0004547875819672542,2.4347180458261475e-07,3.7243465657553616e-05,4.418011780802521e-07,3.285329241633886,2.2548061017710377,0.05222655885649328,60.15316196156397,7
0,1,1,1,1,1,0,0,0,0,0.32894214453605275,0.07046674161656187,0.0017256151946418523,0.00012825514861107716,-2.5433039117510015e-09,-4.5926739095367404e-08,-6.028344034824212e-08,4.104306977771548,3.160679566993289,0.046907339968816686,66.97443631803206,5
0,1,1,1,0,1,0,0,0,1,0.42078318197816633,0.13927436119952957,0.0003432661883890365,8.812730106984606e-05,1.53188828185561e-08,6.83832705722471e-06,5.242040722039405e-10,4.22873135575387,3.7627294377005565,0.05260448918602269,59.72099914287415,4
0,0,1,1,1,1,1,0,0,0,0.3177265477565647,0.06641957330593148,0.0023991146617227893,0.0006777155544477342,7.308882615040538e-07,0.00011386669369892127,4.610678148930474e-07,3.2867762482225253,2.395855461312348,0.055444738944828736,56.66169078216583,7
1,0,0,0,1,0,1,1,1,0,0.32288897864032534,0.05763317604884466,0.009299499368768626,0.001532134831113029,5.347168313754934e-06,0.0003244088507462958,2.2032429247130406e-06,2.7048457290566175,2.2654692083998094,0.0774128705981796,40.582304070554244,2
0,1,1,1,1,1,0,0,0,0,0.40598446717259984,0.12483306332239133,0.0009756485415372678,9.252939712391467e-05,-9.140496790366639e-09,-2.7166327285210242e-05,2.6255815577596985e-08,4.225339160339192,3.351550169662249,0.046931299961549364,66.94024363620203,5
0,0,0,0,0,0,0,0,0,0,0.32769978359147367,0.0753001564410044,0.0020144587508970583,0.0007591390275677163,9.340368209491445e-07,0.00020505442808064296,9.419293037381074e-08,2.2496171133743004,2.313041686958864,0.11426316627363584,27.494360221616393,1
0,0,0,0,0,0,0,0,0,0,0.2761777869635866,0.04456640536681254,0.002569299268880781,0.0010010279183613779,1.60508811318789e-06,0.0002112845214008582,3.03752291631019e-08,2.1067434064254575,2.1293321279103963,0.11993891860750076,26.193271459038517,1
0,0,1,1,1,1,1,0,0,0,0.33025993789931113,0.07342295552492493,0.002961663593407903,0.0008542005835111032,1.2162161243729403e-06,0.00016930474252672755,6.055978215952052e-07,3.3431030251166067,2.128242959857559,0.04760600008212755,65.99152729004896,7
1,0,0,0,1,0,1,1,1,0,0.25371513889885877,0.018166744164876722,0.008452434288176368,0.0005401912424102869,1.1241853857232812e-06,7.280835198722799e-05,-2.6187003411005003e-07,2.4402265265345338,1.8570157634832059,0.07796421515861904,40.29531557777102,2
0,0,0,0,0,0,0,0,0,0,0.37575267030222653,0.10947624336426656,0.0008547139916096566,0.00032520782071337627,1.6610153444620837e-07,9.855982656714165e-05,4.251271149808322e-08,2.6212797094541807,2.796216990962107,0.10173822291997874,30.879177593467347,1
0,1,1,1,0,1,0,0,0,1,0.35452210659735056,0.09260951391524921,0.0013467006662648234,0.00041194535023098835,3.035257494857635e-07,0.00012310035274479874,4.4894564660877234e-08,3.590055174628107,2.5859982108825927,0.05016097649032848,62.6302132334988,4
0,1,1,1,1,1,0,0,0,0,0.4420108764948904,0.12916060421491354,0.014302349045607527,0.0017423612221821815,-2.8139140000859123e-06,-0.00038187652566375424,8.230076422468962e-06,5.630038806647375,3.5351922613029774,0.027882407481726358,112.67293384363377,5
0,1,1,1,1,1,0,0,0,0,0.3430942870084437,0.07850737035967793,0.0025098381685484707,0.0005113491239529143,5.779217467263677e-07,0.0001415393772312642,-3.9851644098769293e-08,3.715327982140275,2.401614452960347,0.04349596596853102,72.2272188612321,5
1,1,1,1,1,0,0,0,0,0,0.370082654630901,0.09171474913486453,0.003594181240448818,0.00041094211758317526,4.296664231830673e-07,9.375261223479439e-05,2.5458375443739755e-07,3.9381787157430197,2.659203147489651,0.042864788330300684,73.29075392561855,6
1,0,0,0,1,0,1,1,1,0,0.3116053703843028,0.05159328917210106,0.009351730765570406,0.0018220375019494255,7.109457003815243e-06,0.0003690149192643224,2.454123692036062e-06,2.870155180537381,2.4003290954668817,0.07284504927630507,43.12705784127578,2
0,0,0,0,0,0,0,0,0,0,0.26548990117284593,0.03318901956961833,0.004235646461624624,0.001526855032841239,3.669245465260065e-06,0.0002574783091207048,-1.2702655845858997e-06,1.9116526541115513,1.5944449205766393,0.10907659235489324,28.801712500957677,1
1,1,1,1,1,0,0,0,0,0,0.25098213963812344,0.019573230582012862,0.0005896611418560256,0.0001961225291826691,4.480162938640379e-08,2.428051749496025e-05,4.9406687347842606e-08,3.6853449106351803,1.911661254600884,0.035188006815859346,89.28021044300434,6
1,0,0,0,1,0,1,1,1,0,0.327733838272019,0.05109468413088818,0.016004267888035554,0.0032178073937593407,2.1481421882806555e-05,0.0006941521629201528,8.47231959825795e-06,3.0708013211715213,2.59640453322058,0.06883493867286063,45.63950682836042,2
0,0,0,0,0,0,0,0,0,0,0.33678495865036995,0.08188922685895338,0.0015462741569583994,0.0006227938428010564,6.102282159584422e-07,0.000177223863326376,3.385724276945217e-08,2.4177605167524203,2.7361892692069687,0.11701986207810712,26.84666173587589,1
1,1,1,1,1,0,0,0,0,0,0.28256512870809636,0.03180237281703435,0.0006307183362064604,4.001289923757047e-05,-2.904704963759418e-09,6.895396190903717e-06,5.654000968932757e-09,4.665924706206886,2.3754882098359755,0.02727830841216523,115.16816241394008,6
0,0,0,0,0,0,0,0,0,0,0.3120982126546952,0.0666745237404049,0.002117016237352329,0.0009026849083792449,1.2420603878220104e-06,0.0002301090618014865,1.201839535168503e-07,2.202056251281278,2.2061164577513868,0.11373958140983685,27.620926810603596,1
0,1,1,0,0,1,0,0,1,1,0.3001064034012124,0.05555607915833702,0.000759065070249925,0.00018593971891664302,6.477531480014583e-08,6.6236191511011214e-06,2.6151204526706152e-08,2.5846088959175995,1.7882236496011956,0.0669225026104965,46.94374135818776,3
0,1,1,1,1,1,0,0,0,0,0.311215221689913,0.059047138840085965,0.0030946967990674017,0.0009709885280921428,1.6354640268323962e-06,0.00022067711951319149,3.9792916542509095e-07,4.083638453191366,2.4398092407930565,0.03657642973295537,85.8911784590943,5
0,0,1,1,1,1,1,0,0,0,0.35083467785724554,0.08832299721388681,0.0005379674617365035,6.897109577721839e-05,1.009322644423774e-09,1.8922979072222485e-06,1.3247128736188502e-08,3.3860663872004735,2.613744207813478,0.05699177127289737,55.12361843513694,7
0,1,1,0,0,1,0,0,1,1,0.26516611075568985,0.02830349777486728,4.0232795135117644e-05,0.0011112091266348777,1.7414583109547297e-07,0.0001859583189987461,1.5772398523359542e-07,2.707529234851307,1.6950279164219069,0.057805685349953694,54.34746832548902,3
0,0,1,1,1,1,1,0,0,0,0.34265913421033467,0.08181534303976974,0.0037881919671257504,0.0010523314096238438,1.6890177538060676e-06,0.00016898971915355716,1.2497203407895183e-06,3.35184898278922,2.418241931666779,0.053810976042918394,58.38200465057782,7
0,0,1,1,1,1,1,0,0,0,0.36824655958534525,0.10056330791430232,0.0003601795937765767,6.228218983721826e-05,-2.622918343409551e-09,-1.381416085047755e-05,-8.952017964193115e-09,3.880424767972998,3.1350244714425832,0.05205020064735423,60.35697489188226,7
0,0,0,0,0,0,0,0,0,0,0.2904700977116314,0.051376133411469405,0.0015367158140591798,0.00047431940968076106,3.6358265302690316e-07,8.145909447566315e-05,-1.7830719979716967e-07,2.1089522336849185,2.139382556492139,0.12025273768967056,26.12491585594603,1
0,1,1,1,1,1,0,0,0,0,0.35580003822572676,0.08821707272377732,0.00113087095896307,6.25728939370277e-05,8.46789777866785e-09,9.614421637728089e-06,-1.4330156880232273e-08,3.8389336992112724,2.8073715865738356,0.0476232122146242,65.96767642282367,5
0,0,0,0,0,0,0,0,0,0,0.23699437681972202,0.02620232974146447,0.0013150163563422942,0.00036009542224801975,2.4681845105808976e-07,5.741915099743374e-05,-2.1973975562110907e-08,1.724871787707501,1.5994305346252138,0.134397674402561,23.375349815799552,1
0,0,1,1,1,1,1,0,0,0,0.3551179807178186,0.09228860093976018,0.00043757084155764743,9.605740606340132e-05,1.6223589695063125e-08,1.817864868903139e-05,1.1163544465807601e-08,3.443108778552362,2.6094980687635303,0.055029491682507786,57.089254462228844,7
0,1,1,1,0,1,0,0,0,1,0.3783001347636885,0.105593886522038,0.0017798331591090345,0.000453871045461771,4.0788861436775506e-07,0.00014741136037033453,5.987182706644685e-09,3.9035937485891288,2.724162795197513,0.04469344568866643,70.29202168644726,4
1,0,0,0,1,0,1,1,1,0,0.295118682192403,0.04068758214873181,0.006098223251781738,0.0003901684087773688,4.5943552077608414e-07,5.954058442952534e-05,3.887522697259378e-07,3.542501010851995,3.0463828008461284,0.06068823649667609,51.76608903048054,2
0,1,1,1,1,1,0,0,0,0,0.3456852600143297,0.08343368247865637,0.001167540285730126,0.00013280858151849196,3.9118331204275855e-08,2.5682259305070033e-05,-3.4708958792113094e-08,3.632845333572263,2.6908754839369577,0.050972952956820465,61.63254179625531,5
1,0,0,0,1,0,1,1,1,0,0.2567551981857113,0.020479631152568976,0.008578186529975919,0.0007224158111178445,1.7922955576931604e-06,0.00010338243732523913,-1.4766414773714688e-07,2.442034157321638,1.900692646984838,0.07967983660155385,39.42769949817553,2
1,1,1,1,1,0,0,0,0,0,0.3565351395957443,0.07605764296733154,0.009344222418998929,0.0017252355461398665,6.48241517575614e-06,0.0003918674279140349,2.4415978068348364e-06,4.220842481932747,2.8395148358550566,0.039846103696482914,78.84315810449219,6
0,1,1,1,0,1,0,0,0,1,0.299786776394284,0.056802788183836314,0.00039704556339151986,5.4719389778482e-05,7.021268506815752e-09,-1.3763078482081325e-06,3.969168989182337e-09,3.1113386909345886,2.074312310002612,0.053569744375970514,58.64490656406791,4
0,1,1,0,0,1,0,0,1,1,0.26542176380372884,0.03554651762080196,0.0002936706568100913,0.0003847509051348606,1.1184829571694562e-07,6.142209982400103e-05,-6.49326130107551e-08,2.8461998832620767,2.119544513995999,0.06541114593412509,48.02839957510697,3
0,0,1,1,1,1,1,0,0,0,0.24480976038902919,0.027621116008951462,0.00011827907851436905,5.5699547650368356e-05,4.424879105432332e-09,3.1485355450093094e-06,9.271461003888612e-10,2.906083524065934,2.050302924239351,0.060693454259196776,51.761638745643694,7
0,1,1,1,0,1,0,0,0,1,0.3923306049862538,0.11876810530236626,0.00010782555927888567,3.149327634960524e-05,-9.57473365407867e-10,9.877850507114711e-06,1.565653004178781e-09,3.729564004140605,2.9444810888784945,0.05292156136237396,59.36318908049819,4
0,0,1,1,1,1,1,0,0,0,0.3502019675955931,0.08923529024495416,0.00045058465545318947,8.769729349796199e-05,7.3974515052764875e-09,6.231206233168423e-06,1.5785458452377354e-08,2.9285861583636823,2.230352832636633,0.06501260526245085,48.32282356486757,7
1,0,0,0,1,0,1,1,1,0,0.2157883169029231,0.004275966878508,0.002593979309315624,0.00017055073104778323,-1.1079295876812351e-07,-7.521011916545021e-06,-2.4359815939876366e-08,5.05186604092193,4.734427985215968,0.04637713025869806,67.74012613686,2
0,1,1,0,0,1,0,0,1,1,0.3753780002008404,0.10692633055621682,0.0007807287886433456,0.0003519916649760027,1.8071910777616528e-07,6.332488051977103e-05,3.727000194801342e-08,3.509667607797459,3.1737229801866804,0.06441352261829189,48.77225349413907,3
0,0,1,1,1,1,1,0,0,0,0.35521581315703676,0.09251229671344198,0.00012669120547252662,1.348828728932502e-05,-5.30159168201566e-10,-3.4438402128113455e-06,1.727093333289937e-10,3.332766737797569,2.6154575141190954,0.058867804908103866,53.36690672421038,7
0,1,1,0,0,1,0,0,1,1,0.3353152716319408,0.07298822274451847,0.0009799310143986534,8.431643823134868e-05,-6.770209344435601e-09,-2.082760692693894e-05,2.3271484496795576e-08,3.387276102824285,2.454009310554419,0.05347059519855662,58.75365033667322,3
1,1,1,1,1,0,0,0,0,0,0.3467679678624297,0.07050737549710148,0.0022787663899522612,0.00024366303665870092,1.385303391316963e-07,4.265609212423948e-05,1.17369227287404e-07,3.8836024563444647,2.2810244957831554,0.037809455549292055,83.0901320304417,6
1,1,1,1,1,0,0,0,0,0,0.3271443296086475,0.05715385171976347,0.005259729856189553,0.0006037243315268077,1.0271527649344453e-06,0.00011556890020181529,3.19916449413562e-07,3.9266915913498637,2.3775417698778236,0.038549129851675426,81.49581237443294,6
0,1,1,1,1,1,0,0,0,0,0.32980769130319376,0.06997427614207884,0.002000671097037115,0.00020425587975070537,9.07853368964621e-08,3.48376541415917e-05,-9.38458405217476e-08,3.583779788597915,2.4046714327204284,0.04680724941944674,67.11765148679241,5
0,1,1,1,0,1,0,0,0,1,0.25641704553862754,0.030683072667848477,0.00028996335110809357,0.0003151520110359509,8.118886507493875e-08,4.4287937761907127e-05,-4.984529652611718e-08,3.116779249980079,2.233552945699798,0.0574809811634955,54.65447161825635,4
