Angulo pulgar,Angulo indice,Angulo corazón,Angulo anular,Angulo meñique,Ancho pulgar,Ancho indice,Ancho corazón,Ancho anular,Ancho menique,Pulgar extendido,Indice extendido,Corazon extendido,Anular extendido,Menique extendido,Pulgar contraido','Indice contraido','Corazón contraido','Anular contraido,Menique contraído,Numero de dedos','Hu_1','Hu_2','Hu_3','Hu_4','Hu_5','Hu_6',Hu_7,Redondez,Clase
8.742961142608814384e+01,1.424755691629484033e+02,6.155210644239868856e+01,-9.172292565892765026e+01,-6.089520381533350957e+01,3.379809343064000604e+00,5.691606256680337150e-01,-4.042853429771870455e-01,5.142780830152914318e-01,7.258804992228862218e-01,1.764136706764482421e+00,4.082629522038733888e-02,-4.908728072633714024e-01,-1.937225952170020249e-01,9.617688951455177770e-01,-1.187475406854195947e+00,-1.333923647636650264e-02,-2.567151071000359774e-01,2.334090449518140264e-01,9.599539693626731041e-02,3.398842871063528781e-01,-1.991819875824275554e-01,2.810510379616507071e-02,-8.889210754463734709e-02,-4.488961190573900056e-02,1.477681823291741641e-03,3.059415675840456306e-04,-5.739715223912494331e-06,-3.593064396752112291e-06,1.0
7.599038341893459858e+01,3.114698908142034739e+01,7.395756268945088152e+01,1.444126687266742515e+01,2.146912605988069878e+00,4.085891568632331605e+00,4.915438446952532514e-01,9.620017189862052343e-01,-5.447770951335929590e-01,1.621610768945265013e+00,1.014865695290245284e+00,6.943353069416052792e-02,8.637040850402930015e-02,-7.185650449815288443e-01,8.130640397327759672e-01,-1.282136303741820749e+00,-1.416333837158306463e-01,-4.236510558147806305e-01,3.381976226101829353e-01,-1.282524336628064129e-02,3.837412959135655388e-01,-1.496558343965249949e-01,3.876522969881419228e-02,-9.101628209472226172e-02,-4.402283691311742464e-02,1.822883701777836115e-03,2.484631870041199083e-04,-6.556156525859897431e-06,-3.431883896632380552e-06,0.0
5.078593894954743746e+02,3.117943979975106927e+01,-1.873624651801616858e+00,-5.745214283737429639e+01,-2.506538380103624508e+00,4.987183834882952804e-01,-1.815917082465254850e+00,-3.106828285994227556e-01,-5.450661408952316433e-01,2.228864133354957033e+00,1.092713451707439942e+00,-2.044323951310239029e-01,-6.851883722017110268e-01,-5.344693467034331569e-01,7.637418143323958519e-01,-1.207947212091452949e+00,1.003609398739680469e-01,-4.264057585647804682e-01,1.107730206710298287e-01,1.640726633697142667e-01,4.822718408360839315e-01,-2.314403808476179492e-01,2.920721667701353316e-02,-9.593364316259234137e-02,-4.143456921760847039e-02,2.115125131995356737e-03,3.491325306623433767e-04,-7.837066122653940385e-06,-3.299029494508255065e-06,1.0
4.782731449092396758e+01,9.117496801277621898e+01,3.638617719033860709e+01,-7.706985196645010205e+01,2.507965082226071840e-01,2.807187902165322324e+00,-2.177263419239738873e-01,5.921933361617347513e-01,-4.683177151092358659e-01,9.606464747866211296e-01,5.575039084976280979e-01,-3.669584611504373983e-01,-8.698416738265271064e-01,-5.491902127130172673e-01,9.771603773994536057e-01,-1.021115886731665201e+00,-2.371375931280494120e-01,-3.974571929079140364e-01,4.128011129067581109e-02,3.237460161108244860e-01,4.025152296044349765e-01,-1.663792692390788641e-01,4.308978696928660035e-02,-9.405575781215240461e-02,-4.758117003681174018e-02,1.494582481096245032e-03,3.515145748757220949e-04,-4.128686130152993888e-06,-3.876309886795630882e-06,0.0
4.333963950410564081e+01,9.511711761218130334e+01,2.368354207787715637e+01,-8.150110855925987607e+01,5.320388323243045114e+00,2.574726635361490157e+00,1.130903911427065950e-01,8.918798793821244297e-01,-7.611948184672983064e-01,1.097151624539960846e+00,7.109416718630763299e-01,-3.764528273155781646e-01,-8.503507374239019923e-01,-4.228581436664707871e-01,5.993020103873456517e-01,-9.103101454555787564e-01,-3.220036449141128743e-01,-3.402119384246156120e-01,2.122564832834540338e-01,6.859206615344959346e-02,4.011066737650045289e-01,-2.806749932359599020e-01,6.501571420044251204e-02,-1.018759494347233341e-01,-4.838717051892565957e-02,1.833977259918034017e-03,2.757206682366978245e-04,-7.193955438372456051e-06,-3.503277054597231041e-06,0.0
7.813712268393413751e+01,8.184627861514961467e+01,1.061156858328644716e+02,-5.956491387734086373e+01,-3.412825645790469764e+01,3.061114894712892553e+00,-5.119878115307067157e-01,4.170609126997978366e-01,-6.221779279445839306e-01,1.256100125665411182e+00,1.895307183545145158e-01,-4.209695463532911464e-01,-7.568928292385378453e-01,-2.375951512856928627e-01,9.121785983644948859e-01,-1.233253491706138849e+00,-6.424193961783136730e-02,-2.160686738541955643e-01,9.364278460002391224e-02,7.183672423886858227e-02,4.334449311224699009e-01,-1.508717570257438190e-01,3.548262797946126479e-02,-9.200894020827733721e-02,-4.341589623327552633e-02,1.994486866017193896e-03,2.749866672997950236e-04,-9.981892542379829412e-06,-3.789964356347430055e-06,1.0
4.113037254242782126e+01,3.961092384717370862e+01,5.605732233394211761e+01,-2.542356849217803827e+01,-2.460635415903836432e+01,2.233561036511254372e+00,1.254321610369003803e+00,1.236278991256239967e+00,-1.071612317868612996e+00,1.953619154667988411e+00,1.237092076794391371e+00,-3.720616317055578381e-01,-1.041615253070616864e+00,-2.252183713287703726e-01,1.207109517749114680e+00,-1.305201463970908859e+00,-2.787697604243358773e-01,-3.356712406231107115e-01,1.517315556971551571e-01,1.308351870538492223e-01,3.463943479452085139e-01,-2.305567776244143441e-01,2.585503996040139363e-02,-9.099707242956663056e-02,-4.225702175361605722e-02,2.441395971379308871e-03,1.971706798604992076e-04,-1.077264961354267397e-05,-4.884202549982824613e-06,1.0
1.691641011893320297e+02,-2.594666291936054137e+01,5.194459253152350442e+01,-4.736529185962651667e+01,5.546872351155295533e+00,4.170961922201778194e+00,2.246153629320765954e-01,1.183163310600685358e+00,6.777088562423574380e-01,1.548088098113324707e+00,2.410141936026604370e-01,-6.958116861077416615e-02,-8.163300355724972812e-01,-1.631864646352018111e-01,7.849291830979233664e-01,-1.182934750356655851e+00,1.525465934665746481e-01,-3.275722242394843442e-01,9.570850531911130610e-02,1.837183245447587820e-01,3.123503725099424644e-01,-2.079006746345416767e-01,3.872182814615218738e-02,-9.929946233453953996e-02,-4.502091432368838381e-02,2.294211190881628639e-03,3.108422096925033003e-04,-6.854809396539791851e-06,-3.562636485704670947e-06,0.0
5.572176417645889046e+01,1.152453151754098570e+02,2.462025646396892142e+01,-8.539849320862981585e+01,-2.085892051878767006e+01,3.041480403679977851e+00,7.426177920574452695e-01,7.755711822460424620e-02,1.938838664111826593e-01,8.479892666719027750e-01,1.835821324173888769e+00,-6.864270053362050428e-01,-7.335847099766619195e-01,-3.370950981304287608e-01,9.617230145732094115e-01,-1.012514813619533882e+00,1.972540805691056776e-01,-4.855429154957932036e-01,6.101228535493093130e-02,1.427217326163485456e-01,3.937668555507977119e-01,-2.430153153853205628e-01,5.336637039408741179e-02,-9.865692406646328627e-02,-4.698469917723714639e-02,1.571504554190814810e-03,2.791799285352814376e-04,-8.979427260252561665e-06,-5.035553007448288811e-06,1.0
3.682481362069166835e+02,3.231311506887179803e+02,1.886301288737256954e+01,6.464446550206361053e+01,-1.919209656653625018e+01,2.256541352329822558e+00,-8.014026704320450500e-01,6.872551715445130993e-01,-2.712925695373290536e-01,1.254965943755952829e+00,9.707415648814512465e-01,1.378618558245234826e-01,-1.076792882489807868e+00,-2.075864318857918167e-01,8.580322569761182905e-01,-1.053188770690244969e+00,-6.715490869171785934e-03,-1.959786072904746712e-01,-2.362652036464376118e-02,1.982131007062798156e-01,3.491198966666947956e-01,-9.021439299822721358e-02,4.798012594865369573e-02,-9.052478504750119392e-02,-4.667784979522183325e-02,1.969790047255564388e-03,2.095146115224509771e-04,-6.786871947931171449e-06,-4.892263193469252378e-06,1.0
1.693236171246596484e+02,-2.336548276104840838e+01,2.498091189202034812e+01,-4.973650006884425068e+01,9.048061867215594134e+00,4.017745340087330419e+00,-3.346491019548268886e-01,5.599108400481893622e-01,-9.552167091536548638e-01,8.417246875204380530e-01,1.037612555738100406e+00,-8.491128373144921082e-02,-6.939030821589494691e-01,-1.478628673838147667e-01,1.243379986128172021e+00,-9.942703954116665077e-01,9.456942403303790490e-02,2.240689138789095369e-03,2.479463683489234738e-01,1.905486338018070880e-01,4.003734251905005648e-01,-1.977606502480175055e-01,3.122978418926461094e-02,-9.561857091718718726e-02,-4.736973168882757657e-02,1.891751031164142123e-03,2.948741947313448554e-04,-6.544123795962939003e-06,-3.824281544143953176e-06,0.0
1.461595109444861009e+02,-1.638035669916342840e+01,-6.067183937729609511e+00,-3.179756388303954040e+01,7.566373694642119396e+00,3.695509232222059737e+00,5.270245962676826934e-02,4.045495645134506990e-01,-6.923892342287505386e-01,9.713021603241535074e-01,8.515822982190635049e-01,-1.514374770244183988e-01,-1.168641074077011899e+00,-4.564672413701987841e-01,1.048676785242624421e+00,-1.063315262222877644e+00,-1.698885164039309059e-01,-3.995829253392074731e-01,-1.070122654458391942e-01,1.878350116411582268e-02,3.436123218144725433e-01,-2.943312882392820629e-01,3.754879813547545159e-02,-9.172130916774662301e-02,-4.587113971143755298e-02,1.988823708700427143e-03,3.120974401060873740e-04,-5.604019514725928730e-06,-5.198852864519438305e-06,1.0
6.305051335893478637e+01,1.155951840159508350e+02,6.568057360280364776e+01,-1.138017702465669174e+02,3.040898118777002423e+01,2.912132004380906469e+00,6.787125632286779287e-02,1.384332696547282859e+00,-7.977291975576001892e-01,4.784232193898138585e-01,8.855350793497572814e-01,-2.935805707908141493e-02,-6.856772076308128572e-01,-3.100588221567212033e-01,6.680657889787038339e-01,-8.730134326021785629e-01,-3.070877247090065265e-01,-4.673469921517474646e-01,3.182287525566433045e-02,3.787596847746804163e-01,3.196461136068203812e-01,-1.375890433245038347e-01,2.193999900806390194e-02,-9.725038219929170447e-02,-4.298638921826300474e-02,2.690492964403416992e-03,2.514657491140761961e-04,-6.856880779277568667e-06,-3.123876761840099289e-06,1.0
3.740596744933328637e+02,2.136624487402670081e+00,2.129148055660899388e+02,-9.178175529247225484e+01,3.343142299211196189e+01,3.743528567210463454e+00,-8.766539527138752508e-01,1.050284227234282275e+00,6.098864843649624001e-01,1.064012888263789147e+00,1.183066137806901175e+00,-2.986917881924521304e-02,-5.009319770669792282e-01,-8.173436217162130535e-02,1.203401542279828318e+00,-7.009446336209972372e-01,-3.850842831841402303e-01,-2.954998176423372369e-01,9.873617173614979148e-02,1.169553530204188313e-01,4.254265795188391652e-01,-1.977115930247094200e-01,6.444267271154613397e-02,-9.333424299449463724e-02,-4.302753062752678187e-02,1.665387996785087574e-03,2.387378002084954284e-04,-1.016814481822827946e-05,-3.755035078482229859e-06,1.0
3.707691567335532312e+01,2.303826446756395541e+01,1.135909167053662969e+02,-7.307523743665871052e+01,9.274949612935456855e+01,2.425909582323873437e+00,-2.356506246827191065e-01,6.048031487061208411e-01,-2.096029376878149886e-01,7.004408549894831637e-01,8.193561670131286334e-01,1.219949992166086544e-01,-7.227464832479215673e-01,-1.427402493495792679e-01,1.133402844323073033e+00,-1.294395683882452852e+00,-7.049679752144502598e-02,-2.636799228640480108e-01,5.670580342927066669e-02,1.238141022745702508e-01,4.588547795401848317e-01,-1.715129064564685779e-01,1.457865181296112700e-02,-1.041059814918578186e-01,-4.622896148873680000e-02,1.719528545768095546e-03,2.503918375767255145e-04,-8.694649710287945309e-06,-5.632902688159419546e-06,1.0
1.089445700017855785e+02,1.269264334353161274e+02,1.690630358451035704e+02,-1.303513679150212567e+02,2.611907810948721576e+01,3.513342768975804553e+00,-6.094082628062139628e-01,5.634560909157285691e-01,-3.652495125315511904e-01,3.606647177422514505e-01,9.664045204170098602e-01,-7.289029507492396365e-02,-9.004925289260539145e-01,-5.017786345324203312e-01,7.760324544945580438e-01,-1.312415425720210971e+00,3.739617153931698579e-01,-6.909321397030624423e-01,1.677835282462921962e-01,7.787576300640296212e-02,3.569866278267198600e-01,-1.786658687227945796e-01,3.730910936433232128e-02,-8.890510126947805125e-02,-4.373300092261206418e-02,1.884194507808972015e-03,2.597845327866904084e-04,-7.754364097624497407e-06,-3.946926344676027284e-06,1.0
1.567246484067654535e+02,-3.268816430068958567e+01,-1.738637368204532763e+01,-3.594618501782160536e+01,-5.202779734211393503e+00,3.385484773511460155e+00,2.131775359127897618e-01,5.468857481372383367e-01,-1.172612096681093785e+00,7.190985550853998820e-01,1.326151629465414983e+00,3.346016134429120048e-01,-8.664678803721839184e-01,-6.870267267705665315e-02,8.167048925427923267e-01,-1.092127612617054266e+00,4.463561387764872906e-02,-6.314281484758833551e-01,1.595342317246859973e-02,1.068495299030788465e-01,4.401117426907531494e-01,-8.879687297792492051e-02,5.178845667280600890e-02,-1.017809440671291615e-01,-4.555432860049865584e-02,1.672952661522834894e-03,2.968549684398579165e-04,-1.016489774728209019e-05,-4.279879352995200131e-06,1.0
3.287060347511970804e+02,-2.499587658267664736e+01,5.480133188864930105e+01,-5.993876940747397697e+01,8.325915945765780535e-01,1.879819550191937472e+00,3.137310285772976215e-01,2.455677188495728469e+00,-5.623043247268010303e-01,2.089060053908856851e+00,8.065110717760477499e-01,-1.227624541979732559e-01,-7.685814934007263455e-01,-3.142240235138886728e-01,1.360277764984626936e+00,-9.070687262053479527e-01,1.443142639336336130e-01,-4.949086753309133169e-01,1.905236192173807019e-01,2.436117986348376729e-01,3.522483109791090805e-01,-2.003946456604324133e-01,3.252593724079717169e-02,-9.431093961855782637e-02,-4.902650482954017119e-02,8.534207828409736026e-04,2.768158154696507612e-04,-8.523179573022810913e-06,-3.621684757945381162e-06,1.0
3.930432186215795554e+01,-8.263237823769575385e+00,1.036228399272361145e+02,5.389639162135775319e-01,-7.027393305088483366e+00,9.246797631774672510e-01,3.649772542825565624e-01,2.767674998600748726e-01,-2.760441790067327261e-01,5.334485611456782905e-01,5.027738381110108401e-01,-1.673390283670141976e-01,-6.827119192858641661e-01,-2.609691677447847358e-01,6.293628004390722230e-01,-6.086858846372413812e-01,7.880663456317120452e-02,-3.859954976663372284e-01,1.265648358972365772e-01,6.625844947494637094e-02,3.662788885292810881e-01,-1.879183073869842846e-01,1.293606550253658879e-02,-9.247218541533816505e-02,-4.513227966228722937e-02,1.626256098027579512e-03,3.183185021966957384e-04,-1.118142953127449784e-05,-5.045699776047745407e-06,0.0
5.313409367218336854e+01,8.124559823706547945e+01,5.740410670784424241e+01,-6.933065660395740792e+01,-3.204933217252149635e+00,2.958085086230129335e+00,6.903851116507625507e-02,6.785313266849459790e-01,-7.152939470880699258e-01,1.617880597947393584e+00,8.593686959148088000e-01,-1.859373471780366716e-01,-4.464345986087993601e-01,3.950282231951500467e-02,8.103196805842681760e-01,-1.074613408976589524e+00,1.075333375613409942e-01,-4.770331407578061178e-01,4.313932335137011381e-03,1.842770203357186054e-01,4.748035923324153695e-01,-1.936214318308408788e-01,3.418148814127423135e-02,-9.006951407165181278e-02,-4.309202891582307460e-02,1.106965526372937110e-03,1.941181447403864926e-04,-5.627711883661281521e-06,-4.516348858011460626e-06,0.0
6.204802947478489727e+01,1.216636831634505853e+02,4.290439124562006867e+01,-1.010453213714840643e+02,-2.362807618578827817e+00,2.342502172861061993e+00,8.342592145657670155e-01,2.027591450620030322e+00,-1.452814455317884779e+00,1.126472227754143907e+00,9.083212642468969644e-01,-2.413977891469026582e-01,-9.234411435968968851e-01,-3.292557935565157412e-01,1.206159246282865860e+00,-1.137538746091944608e+00,1.620345212644946353e-01,-2.996657329953093529e-01,1.200126557124441690e-01,6.274283645755263095e-02,3.645401070020976575e-01,-1.403833511623533425e-01,4.663545462619483190e-02,-8.424825184418652246e-02,-4.320147407065404871e-02,1.650075806357474044e-03,3.520561342279154632e-04,-8.353116219894044314e-06,-3.204600221651570403e-06,1.0
2.135677445483104862e+02,-1.272299369038404571e+01,1.509151376692152837e+02,-5.885856225453669310e+01,-3.518570355814772732e+00,4.707843714699722071e+00,5.227448843774080700e-01,-5.373261547044216879e-01,-1.248086725172680600e+00,1.025518117367637982e+00,2.569792482290447766e-01,1.463348702353151065e-02,-1.114057201046324996e+00,-7.485763141525889619e-01,6.891725198059637236e-01,-1.158839932210256718e+00,-7.728581085458056943e-02,-2.140361365406648897e-01,1.942124694782455807e-01,3.384486901045679064e-01,4.286786505557938498e-01,-1.939704218853464113e-01,4.846178592552867481e-02,-8.789779047850894422e-02,-4.413217056763852481e-02,1.120121132041989286e-03,2.469208231659902062e-04,-8.568438032534384500e-06,-4.639512305871681886e-06,1.0
2.038467978108914735e+02,-2.634293181831760222e+01,1.128548426897879864e+02,-2.624050441948438106e+01,4.953058514112764321e+00,4.284011227073076356e+00,-2.572906620451432813e-01,8.097539564107215648e-01,-1.616190274246326108e+00,1.272584820507058678e+00,8.943420611471295523e-01,1.490348673530204338e-01,-1.787908570309051093e-01,-5.251068333464831150e-01,9.221503748775541354e-01,-8.682357673231581030e-01,9.198648100612863421e-02,-3.379070314484237114e-01,-3.290187193905503849e-01,1.040652037492174331e-01,2.984929917178166803e-01,-2.329848782308688027e-01,4.686813551619722906e-02,-8.687796788925296332e-02,-4.271427727786941686e-02,1.838384646749531082e-03,3.101810971927489429e-04,-6.748544374838086674e-06,-4.655068502716121463e-06,1.0
2.210759857690353840e+02,2.207966327494448819e+02,2.228926224861006489e+01,-2.842400638892351239e+01,9.560902401244776172e+01,4.428628237353998465e+00,2.219586018721574128e+00,-1.197514859855970615e+00,-5.333545669430002079e-01,1.961921610074178313e+00,3.018843380591762493e-01,8.639996709485750796e-04,-6.009504607842522939e-01,2.080889162011291538e-02,1.203206804862925194e+00,-7.622072833158520799e-01,7.026422897116385569e-03,-4.253930719882900169e-01,1.457166101057344176e-01,1.181262686368093895e-01,3.690241822846640485e-01,-1.847607335891264801e-01,3.932052710123568745e-02,-9.648008816762890238e-02,-4.399949656893273331e-02,1.842952800539286251e-03,3.216579893623838348e-04,-7.661722734574173503e-06,-3.418694627766728372e-06,1.0
1.431769153961693632e+02,1.076885348074657678e+01,2.051309970443741904e+01,-5.016165136769827626e+01,1.510994544791844874e+01,4.211446065996698351e+00,2.219352967882487482e-01,7.819862997294234619e-01,-5.550831624614799287e-01,9.798885655535460870e-01,6.598172646701220279e-01,2.414790095840723128e-01,-1.126198929072995458e+00,-5.622579975121463347e-01,9.020291444921813007e-01,-1.136497563262810484e+00,1.145528707293219789e-01,-1.946696841866474570e-01,2.693001008725437462e-01,6.240163240271576900e-02,4.471885297660178060e-01,-1.814397653013704592e-01,3.889441895211705885e-02,-8.746184977438269115e-02,-4.525240213071581724e-02,1.860716310937952358e-03,2.362175322567151479e-04,-6.122930709749847537e-06,-3.382625566757573786e-06,0.0
1.193756666968769409e+01,2.520448810919397431e+01,4.569042484253830594e+01,-6.598171105708279072e+01,8.719105288270618814e+01,2.047866007649062237e+00,-4.683317834291098221e-03,8.820680831150371493e-01,-3.092193243520189316e-01,6.443634635465002036e-01,8.085410600039788509e-01,9.877457055001344355e-02,-7.129974506640877063e-01,-2.201776663206449214e-01,1.184751101064571932e+00,-1.272639209437872676e+00,-1.575895917725709042e-02,-2.698689567386213239e-01,1.793332958625678056e-02,1.655684702176837275e-01,3.940426440694596022e-01,-1.588767909260571931e-01,5.125299412953771006e-02,-9.082356063165537841e-02,-4.164218085500039773e-02,1.513632181665775520e-03,3.554159418704206166e-04,-5.688858082823063667e-06,-4.649021752806306761e-06,1.0
1.425391284058766495e+01,-2.998542193704909486e+00,3.756438388515410765e+01,1.930758333369922697e-01,-2.551812742277158375e+00,7.985866114376509728e-01,1.784019406859047030e-01,2.786079804648984859e-01,-4.228179491134214513e-02,1.926160683715950894e-01,2.525008577767715034e-01,-2.708845702581225701e-01,-7.455910657016974197e-01,-4.454215691190462900e-01,1.012828082959312370e+00,-7.310196925467433715e-01,1.262453873676801785e-01,-2.357070623772130891e-01,4.466135581862355070e-02,1.344535744176753589e-01,4.000437739899480039e-01,-1.485338638783587351e-01,4.532986225154650439e-02,-8.798677719460326618e-02,-4.413696011937393721e-02,1.675040400852096127e-03,2.518076013141694607e-04,-9.228317648818910477e-06,-2.351050161629964423e-06,0.0
1.534209411234650702e+02,-2.506432159584207398e+01,6.098503678951482598e+00,-4.078642882624167498e+01,1.145802455082270299e+00,3.667738962471671638e+00,-1.750553056228173684e-02,2.890057718749378113e-01,-5.780147605691511314e-01,1.053322726315842450e+00,7.696244872436301954e-01,-1.326423372816710466e-01,-1.243457353772316809e+00,-3.481384587937860209e-01,9.989430507072409871e-01,-1.073922914393429684e+00,-1.707603177743201306e-01,-4.300117086032987923e-01,3.649049739625664229e-02,7.030066827893179104e-02,3.545486037597129214e-01,-2.166728640799656935e-01,2.713392405069314089e-02,-1.089344219193025959e-01,-3.972265520904290359e-02,1.049424032192089679e-03,2.366292224302006964e-04,-5.982179083690545005e-06,-3.406588490060698052e-06,1.0
1.401077078233934685e+02,8.729472609280641393e+01,5.825017850393634689e+01,2.747131090844954571e+01,4.115729169402027310e+01,3.786408507205323737e+00,-3.905323452618679470e-02,1.162332411051857806e+00,-2.420358163550334063e-01,7.270445279341812839e-01,8.718140643141373269e-01,-4.673966773728101542e-01,-3.119295866093725889e-01,-9.626516820846510170e-01,1.145454394344595173e+00,-1.120914989015696195e+00,-1.195031065872116105e-01,-4.261603939827274257e-01,-2.463717942042351755e-02,6.499951390173430710e-02,4.503514594780197444e-01,-1.215038260592754965e-01,2.681289713259544030e-02,-1.048311786224430109e-01,-4.717197505781584727e-02,1.691084227380726694e-03,2.929902637639987865e-04,-6.667090246780438011e-06,-4.029882328571327540e-06,1.0
1.556804395616546515e+02,-2.100666686098714209e+01,1.237528876948308323e+02,-3.407956758113122220e+01,2.311526417139120326e+00,4.556425082164285989e+00,1.426398276349994942e-01,4.308476305556192543e-01,-4.293070621500176265e-01,1.575477117353104139e+00,5.805082871976349201e-01,-4.692554414407222874e-01,-9.924812070183877122e-01,-1.009506170370948336e-01,9.425372731127824588e-01,-1.270570652580808035e+00,-1.949105964933483259e-01,-6.310246705603417272e-01,3.420690301511512474e-03,9.735785245526232257e-02,4.664517866268719226e-01,-1.285285884132139345e-01,3.921736122803256425e-02,-8.404718929899775148e-02,-4.972117649962922575e-02,2.012970948381050985e-03,3.138979204684901590e-04,-8.906212553214525141e-06,-3.843904665331938697e-06,0.0
4.303451599251390576e+02,-1.030447429686460659e+01,9.186568406297118372e+01,-5.428278601343232879e+01,4.777106279629563090e+01,2.230824385176827462e+00,-3.830672633970946261e-01,-1.161356989412961060e-01,-1.859325195483273463e+00,2.874615357646955194e-01,4.475619033852701878e-01,-7.213231095066205967e-01,-3.346424168376940234e-01,5.471598958747092567e-02,9.534628277089824966e-01,-1.166345843481728206e+00,6.763571753607906800e-02,-4.817760880477331420e-01,2.913277843587723792e-01,1.295244611121624256e-01,2.987069898671065316e-01,-2.020745382131146906e-01,4.320758992006273891e-02,-9.629867399452826660e-02,-4.720456873678993692e-02,2.034521344066429500e-03,2.375246853634912722e-04,-6.923164632699436268e-06,-4.308232091137588796e-06,1.0
2.145283710400629786e+02,-6.115455565182514874e-01,-5.975198943689525422e+00,-7.486633709900739575e+01,2.925825359737932274e+01,3.311568494610202862e+00,3.595721896088032166e-01,1.524678094226310732e+00,1.559373811343500726e-01,1.302565058215739757e+00,4.207919162714877093e-01,-1.237160253834055368e-01,-6.882275054862411201e-01,-1.665327957821687299e-01,5.773627636531781793e-01,-8.065440085786186319e-01,6.469679277268403084e-02,-3.854655283161898538e-01,1.476488664535768602e-01,9.724403146894308736e-02,4.380221234569552924e-01,-1.871702898653676006e-01,3.417641876787869126e-02,-9.294767676690771085e-02,-4.358002428684992768e-02,1.638912826493397774e-03,2.635620325441445254e-04,-3.875978774810511543e-06,-4.580491129640503368e-06,0.0
6.772354886324608003e+01,1.081978693260774946e+02,6.891033562008456670e+01,-9.173419711333491477e+01,-4.058006961133579615e+00,2.850705260837214094e+00,-2.220418401253254626e-01,1.036259605111389703e+00,-1.093704742735581714e+00,1.441151324902767206e+00,3.175857383067633433e-01,-6.875727390025790364e-02,-5.748705060758690921e-01,-9.261298585214991497e-02,7.762477488702785866e-01,-1.015793328456717548e+00,-7.808209634284725420e-02,-2.531711622387710081e-01,1.534861928684851939e-01,-2.012371513045409580e-02,3.922535152016746185e-01,-1.707883265963228425e-01,3.481358821324214564e-02,-9.873509569533842067e-02,-4.536986458259595345e-02,1.849810890586058585e-03,2.675658775955953601e-04,-6.531787700957517953e-06,-3.708170827625287848e-06,0.0
5.391593962233480397e+02,5.657069349260694224e+01,4.862707442287053539e+01,-1.132212326253341814e+02,3.066178937596469645e+00,1.178156815615301056e+00,3.120244193914337494e+00,9.875037694199765292e-01,-3.165744208457613729e-01,5.023414043208392910e-01,3.318861327069874689e-01,-2.004440243467703678e-02,-5.714561222342426916e-01,-5.031892790820614580e-01,8.449777577434536280e-01,-1.363441823670820563e+00,-1.097337249971304524e-01,-2.728035184503039834e-01,-4.617277051907140578e-02,9.452870098049305503e-02,4.391255573485977615e-01,-1.730417896431594715e-01,3.986280989430045912e-02,-9.466840667431597467e-02,-4.467459508353763958e-02,1.679061526087620871e-03,2.753194764472620664e-04,-8.446812879190867849e-06,-4.372571547421785653e-06,1.0
5.128386583403678856e+01,8.663795461775367812e+01,4.353620827291452144e+01,-6.793030255495655467e+01,-1.264941856310503177e+01,2.787456231797696748e+00,-3.871423311182879516e-03,1.026415350504721546e+00,-8.751322815720729009e-01,1.267714986496861318e+00,5.401569902515173105e-01,-8.840419992812446892e-02,-4.594343123375834725e-01,2.968170106576684814e-02,7.767297804576279718e-01,-1.101451592804944646e+00,4.404563040263460329e-03,-3.575758787954496642e-01,5.044683330802077897e-02,1.364664840554710157e-01,4.437456553630103606e-01,-1.890932269497282714e-01,4.273335640078082531e-02,-9.696784726960801237e-02,-4.579592303444581652e-02,1.584419377044959595e-03,2.572685799696117822e-04,-5.126958713544869027e-06,-3.851855169612875587e-06,0.0
2.524915891629912323e+02,-8.212934373760967333e+01,-4.872354708054280792e+01,-9.044714824155033739e+01,5.005123778760756537e+00,2.146101603612709852e+00,-3.543469992129058554e-01,1.693762841810317332e-01,2.952342083181938928e-02,9.996913264917700603e-01,5.780109470522389881e-01,-3.702875004225399946e-01,-7.937384187801298507e-01,-2.680017924940367724e-01,1.081246774281417578e+00,-1.050031959606778420e+00,-3.439705625603141081e-01,-5.045802159076948623e-01,2.517998239874734701e-01,2.044428308005738146e-02,3.124362283136297713e-01,-5.099595240983512134e-02,4.384395794706973104e-02,-8.269631824966523770e-02,-4.363947380853733932e-02,1.611636754479056546e-03,2.694136141289631549e-04,-3.917223021986190217e-06,-5.416931206599019670e-06,1.0
5.975057472158349725e+01,1.157218878088934559e+02,3.980015759041419443e+01,-9.297707706643484471e+01,-8.630281467124616412e+00,2.810877421110195229e+00,-3.966363618114874395e-02,9.266025602197993649e-01,-9.069185410171086703e-01,1.364062668704806747e+00,5.364411740636996218e-01,-9.808808823850234671e-02,-5.364957991828749329e-01,-1.506138713664648687e-01,7.555290416047261148e-01,-9.542840925427046317e-01,-1.187466333537908481e-01,-2.299645396297120004e-01,1.361017199902076757e-01,1.059360652634797617e-01,4.801678375212339867e-01,-1.897441167975897069e-01,4.495268339018217846e-02,-8.927967375973261399e-02,-4.419694286245837850e-02,2.102025726663034853e-03,3.490430979257370166e-04,-7.964401430110844247e-06,-6.036046191053515385e-06,0.0
1.535783028243990884e+02,-1.602891437171023004e+00,2.736601933673290787e+01,-4.387222460512806066e+01,2.266115473922698698e+01,4.152292345827294007e+00,4.483543037221279226e-01,8.321752289819928095e-01,-7.594904554794259521e-01,1.235633420419973927e+00,9.373184508909675472e-01,-3.838340571268108459e-01,-9.701233587593957042e-01,-2.835931562194979882e-01,6.542944288786363138e-01,-6.147691987161625349e-01,1.515012614091205412e-01,-4.205338238705690346e-01,5.917171051901994050e-02,5.114154346029966408e-02,4.120388605241628865e-01,-1.314282601432822106e-01,3.458772706328464008e-02,-8.885483389107627639e-02,-4.515937440340084263e-02,1.555686576510813832e-03,2.417260526789378409e-04,-8.162503871936490162e-06,-4.396016330134146806e-06,0.0
1.757587476014333276e+02,-2.153538816050110682e+01,7.775449507606961674e+01,-4.610219446228256146e+01,6.244094568584730887e+00,4.296234187587152142e+00,9.107975995750509923e-02,1.268842977978885456e+00,7.585440349694804185e-01,1.581228509777838465e+00,2.328883008581552894e-01,-3.697448458810266569e-02,-8.828296495461349647e-01,-1.435356184000589341e-01,7.475669322087644675e-01,-1.184902241069327511e+00,1.751574007218082429e-01,-3.662279574732500986e-01,9.878651350263153996e-02,1.285663830393031226e-01,3.447911418122672211e-01,-1.721278969627460520e-01,4.390595789152453715e-02,-9.781518135916356105e-02,-4.406152053981220867e-02,2.250028607123345792e-03,3.099756307155897132e-04,-9.178172361039390914e-06,-4.634219864390346331e-06,0.0
1.211242944163346102e+01,8.194620163100783117e+00,3.741181063607014323e+01,-2.546757973990706247e+01,3.245129033705579502e+01,1.859653595629924494e+00,-1.323457576366408039e-01,2.488949368742282287e-01,-2.169645657257280869e-01,1.110136442957690983e+00,4.408486277842887380e-01,1.660171449224328577e-01,-7.217459791615159492e-01,-3.046192050974740329e-01,1.249155983748451382e+00,-1.139931451541323693e+00,1.148981429087561970e-02,-4.955586096492429760e-01,1.021656930142814945e-01,9.791255755844670283e-02,4.146896425839201039e-01,-2.337056861823372522e-01,5.248649539932696839e-02,-8.834603657929032683e-02,-4.520851076206428704e-02,2.057725731764160383e-03,2.422747174173691960e-04,-8.681229556548359871e-06,-3.755576568828623753e-06,0.0
1.571409203496170548e+01,4.191438007966352330e+01,6.464074259567779279e+01,-1.076747038584304335e+02,1.429131798995978784e+02,2.152667801920022939e+00,-9.802011339470778628e-02,2.935038441831228639e-01,-7.104815338276846415e-01,2.439145375988706732e+00,1.322567396239958004e+00,-5.621918868083021215e-01,-9.130465624562363880e-01,-5.351670292917751759e-01,6.736080357023914722e-01,-1.073548751520158495e+00,6.321280834963134698e-02,-1.569856556854246354e-01,4.288881550619424304e-02,8.800589852164668325e-02,3.467547238429134482e-01,-9.871957699493448535e-02,4.492760183595365803e-02,-9.410706148145196737e-02,-4.528787034645020970e-02,1.620403930633759369e-03,2.570296278364865572e-04,-8.542958008773722585e-06,-3.982848955128775300e-06,1.0
1.291659688286705965e+01,2.656548406112416938e+00,3.676489379556760184e+01,-1.264385441102903052e+01,1.500065051891779078e+01,1.663317974467962035e+00,1.905447532682336131e-01,5.909752280233850907e-01,-5.253257878362090905e-01,1.380788282771391762e+00,7.175791665438319145e-01,4.877510208105946266e-01,-4.980674541880014128e-01,-1.057402458175532162e-01,7.839083319184947385e-01,-1.362904898402071296e+00,5.575747652844120078e-02,-4.277695953058736067e-01,1.141736733497381862e-01,2.250183944026066807e-01,3.445010101465884045e-01,-1.784928197660131943e-01,6.039159034150023975e-02,-9.748915978616527755e-02,-4.594660948653256360e-02,1.413216638251573896e-03,2.544997302790669180e-04,-7.060345900742098309e-06,-4.714259818094394672e-06,0.0
4.351743558073467710e+01,4.822621806124355714e+01,6.222597106590179550e+01,-4.157402938862546904e+01,-6.447506515741763700e+00,3.105683412236020402e+00,-4.234780735297552501e-02,3.945170783480585475e-01,-2.993889499880328375e-01,1.282434049994833680e+00,6.492535370312682019e-01,-5.257410053268276595e-01,-5.731290096628675057e-01,8.009188080416312916e-02,1.209097158805456873e+00,-1.101476204185100283e+00,-1.082644359949148372e-01,-4.043686870855767168e-01,-1.038576858204358078e-01,1.759474869418112541e-01,4.348665755724707149e-01,-1.881552780653945323e-01,3.015449843865535690e-02,-8.436375634493917253e-02,-4.388558747493932766e-02,1.764527415680415762e-03,2.792819064001482812e-04,-6.430458284910539633e-06,-3.335182152291969619e-06,0.0
1.222629414989324736e+01,1.345299000058471073e+01,4.043221283935442045e+01,-3.807341117880626769e+01,4.945737066091751188e+01,1.887380767066444198e+00,-1.231934574799914556e-01,3.928514350553888868e-01,-2.506341797561587592e-01,9.989919328128487042e-01,5.670761216399579085e-01,-6.317672375977285981e-02,-8.082353728367378531e-01,-3.799884643033496490e-01,1.119225885325289438e+00,-1.176948067207901127e+00,-2.335305153805615486e-02,-3.653061001537863395e-01,7.550742994364452454e-02,1.263498362419640531e-01,3.965024210908825730e-01,-2.005537473544879157e-01,5.134418865537965226e-02,-9.103993697852284794e-02,-4.497443732823232232e-02,2.000754490451741707e-03,2.649224890853939382e-04,-8.362304645469907812e-06,-3.653677604902927303e-06,0.0
8.918716935827151815e+01,8.110693455632795690e+01,1.312448650911230175e+02,-5.761399580890110883e+01,-4.180488403549684051e+01,3.122134621257294018e+00,-2.573779533533415709e-01,3.645663452022542272e-01,-6.409127513552919098e-01,1.445792280810258124e+00,3.879337141346381745e-01,-3.098847671305532958e-01,-7.478831492223675381e-01,-1.820839867329819561e-01,1.024887103714638537e+00,-1.152712296064016817e+00,-1.181436599307247592e-01,-3.196516442368958488e-01,7.541170867723240301e-02,1.070602048191947597e-01,3.340086686656394965e-01,-1.154391758300417486e-01,4.011704657475249208e-02,-1.022443690551499140e-01,-4.229810600514608693e-02,5.206637449540871179e-04,3.155098662223565975e-04,-9.065799145884360265e-06,-4.185776956870227740e-06,1.0
8.926227168396175671e+01,7.402512643030821948e+01,3.862410078576042594e+01,-7.219931303918044385e+00,2.581424455959221831e+01,3.850632042073521166e+00,1.135871615736614992e-01,8.779307080346996361e-01,-6.121395299113450150e-01,8.945019807872818252e-01,2.300790662227724659e-01,-6.649632878014029025e-01,-7.313353112455455163e-01,-1.819644059818075477e-01,1.098588095325120362e+00,-1.278159465552091367e+00,1.452700886886813536e-01,-5.560610333675986006e-01,1.692002220653245625e-01,2.392233347945698918e-01,4.294665422612336525e-01,-1.898330013815837658e-01,3.833163792047867419e-02,-9.418128711491190186e-02,-4.274682368079039951e-02,1.765312032485315654e-03,2.731844863079087023e-04,-5.889542787548887931e-06,-4.272160836857285609e-06,0.0
5.101775733332188878e+01,9.143552188537908876e+01,3.081665335419959462e+01,-6.253312001164142941e+01,-2.970346757149717476e+01,2.730758792610092467e+00,-4.537245089083825067e-01,6.597478459281846952e-01,-6.941943821314492391e-01,1.103161275585714307e+00,4.723722983312975132e-02,-3.907050835879659623e-01,-7.269392519443922396e-01,-3.139283213296742425e-01,1.039820583588216385e+00,-1.125850127208134932e+00,5.391689003399362939e-02,-3.054718440118016631e-01,7.655828311189857849e-02,9.487204108111810252e-03,3.668353030918201640e-01,-1.672306622146811916e-01,5.952220345121417983e-02,-1.054959078274096129e-01,-4.395205176785840079e-02,1.908874643896527100e-03,2.773960866110516217e-04,-8.550053149772649772e-06,-4.242774400480896762e-06,1.0
7.789386461593707622e+01,1.527664631033576086e+02,4.985650949736638182e+01,-1.222353619462304124e+02,-1.191071382183664973e+01,2.891082184912606934e+00,-5.367245275286359751e-01,3.190308782295138146e-01,-7.811581889195042816e-01,1.606611519508054142e+00,1.605050530026864708e-01,5.505593232335830312e-01,-7.445638118149872087e-01,-6.903227057798229094e-01,1.413813016408427492e+00,-7.291477988799580645e-01,-3.071459061710596697e-02,-6.859520622397277112e-01,2.520913018170910513e-01,1.270971720551333506e-01,3.950431552346020392e-01,-1.688643969324883365e-01,3.215719268909007084e-02,-9.553816833931050301e-02,-4.552103069058901358e-02,1.955335064583778315e-03,2.771535323305872518e-04,-8.543165505426508533e-06,-5.081435014368494402e-06,0.0
1.375527098490654332e+01,1.027427731305455971e+01,4.299057607476790110e+01,-3.123130960446989945e+01,3.997251004898169668e+01,1.702491503313572574e+00,2.053390041888046025e-01,6.005571362605839347e-01,-5.517196314364724019e-01,1.294700004026281048e+00,6.986495125372942372e-01,6.330248000421624666e-02,-7.080231303596277170e-01,-2.444033788681692632e-01,8.048768054759434243e-01,-9.912471254825599987e-01,-1.279660165558100526e-01,-4.575332375938890861e-01,1.425197086672151947e-01,1.186721960848551305e-01,4.141150899184701251e-01,-2.579781205290130885e-01,3.902398704678737562e-02,-8.829148317223055320e-02,-4.447002665393080117e-02,1.349105064158094168e-03,2.411009685332830940e-04,-6.218825917625053948e-06,-3.915223624941143760e-06,0.0
2.902399358570921208e+02,2.258561156894958515e+02,1.179620364870365137e+02,2.613242416905706467e+00,7.590597605451849006e+01,3.051218552003599260e+00,-5.824840500154644385e-01,1.644922493888108406e+00,-7.751027940338843791e-01,4.569299546115104804e-01,7.414547343025622572e-01,3.415302886677007432e-02,-1.189526167390956735e+00,-3.953614413321052817e-02,8.471461248044529491e-01,-1.141249328032220234e+00,-1.374702961687859493e-01,-4.528586552312575120e-01,1.841750414751991138e-01,-2.973836897545078378e-02,3.959032622906579202e-01,-2.477269048503576987e-01,3.489902316259045623e-02,-8.921242671623039189e-02,-4.412129641050126228e-02,1.207999158288635419e-03,3.234869721408794598e-04,-6.965581424398656287e-06,-3.803632487989228705e-06,1.0
1.057577785701986386e+02,-2.223024363553233940e+01,2.788621242213542359e+02,1.454352735343433345e+00,-1.890418027428937719e+01,1.144000603835774843e+00,1.253610175652474457e+00,5.416798575501172719e-01,-8.253112459106007881e-01,1.475627349372020891e+00,1.168781031796403136e+00,-1.594743137468087046e-01,-1.122613411469346234e+00,-2.722550402537008418e-01,1.086983200642090530e+00,-8.391290832918373299e-01,9.863313068793605476e-02,-4.213603034032267769e-01,2.046595588537750143e-01,1.034401095223062700e-01,4.397780377999674362e-01,-1.357196755652832210e-01,5.118078672288270403e-02,-1.023493209470744264e-01,-4.321075817327974661e-02,2.391859136423267734e-03,3.051772761126913137e-04,-9.241276708822563581e-07,-4.441545838821195267e-06,1.0
1.046341540128607051e+02,7.208665688887136014e+01,1.252380168411839989e+01,2.916854475076457476e+01,3.731398182253666818e+01,3.437696904828885014e+00,3.479627797661870026e-01,1.366075631374006338e+00,-4.671495708959053639e-01,9.478318060345978235e-01,9.824780451519853353e-01,-4.916696210064552819e-01,-5.690566552743328010e-01,-3.917317458812735742e-01,7.963613679572867365e-01,-9.848312576768679660e-01,-1.111859125699914408e-01,-4.649620591072063935e-01,4.164239885638876260e-01,2.693276349587878649e-01,4.037941156431820722e-01,-1.932685152265373463e-01,5.096833136488701510e-02,-9.268121242145371808e-02,-4.011503883335095638e-02,1.656461357810957860e-03,3.388381405966596374e-04,-1.029033136044353082e-05,-5.082444346936469849e-06,1.0
4.888535936307060581e+01,-3.692163149954014401e+00,1.322434846813744684e+02,-1.503879337745454414e+01,1.248170415445574299e+01,1.980854002762417299e+00,7.579429747716437404e-02,2.754950080250203048e-01,-5.367684756773055677e-01,1.550916106975691600e+00,7.147216279744796896e-01,1.272001809958175633e-01,-7.420650188031381322e-01,-1.750333193177038560e-01,6.149111336774977232e-01,-1.232155799098117122e+00,-2.241586134868265301e-01,-3.437112298199280214e-01,1.847858906150117719e-01,1.408801583379584166e-01,3.269054429985058796e-01,-1.842531081452398189e-01,2.644830550188200305e-02,-9.064970465511809627e-02,-4.827140975754912883e-02,1.469852020800930647e-03,3.562904866688965263e-04,-7.769205166954807281e-06,-3.817717001892992150e-06,0.0
1.681381276579943744e+02,-2.451812567276119026e+01,2.045128605336040550e+01,-5.078952004007726373e+01,8.153691146230942266e+00,3.954708184504076129e+00,-4.411281218132791504e-01,6.850491275387982082e-01,-9.051583120461658138e-01,7.794555432112348914e-01,9.610014373072861549e-01,-7.119009608203967499e-02,-6.913585516425706512e-01,-1.595855300224706952e-01,1.227162845991428997e+00,-9.963950855594798650e-01,1.213823782534457774e-01,-2.367667089509155678e-02,2.584934365715344518e-01,1.437407126962319814e-01,4.128985265615317535e-01,-1.723817056764565814e-01,3.411084196957281378e-02,-9.520517772092315645e-02,-4.503362805791587264e-02,1.859272067925128117e-03,2.925615454152779844e-04,-7.464139938746373312e-06,-4.734273611304618271e-06,0.0
1.440358768376887610e+02,-4.954313424134304711e+01,-8.732193880572467037e+00,-4.819541248796586075e+01,4.241989697784227964e+00,3.514263427354425318e+00,2.998572679909716765e-01,4.878126642658797696e-01,-1.207636284428661000e+00,8.135113438856583779e-01,1.315392089915646379e+00,2.648541969477928304e-01,-8.545572117538644541e-01,3.580740779623556302e-02,8.520178650850700475e-01,-1.059884639174160981e+00,-1.556429694844339851e-01,-4.907980003341766984e-01,1.146245069162574737e-01,1.200404259014272029e-01,4.351557024315933497e-01,-1.225964498822053605e-01,4.284164157763627884e-02,-9.804843425962397885e-02,-4.400154702742416213e-02,1.971141401586639415e-03,3.200799522737388363e-04,-9.529725122578921472e-06,-2.766999142935783365e-06,1.0
